11830I_P2_01_02.png,95.26903533,91.42520698,90.62115819,0.12608306,201.6668048,198.6848692,194.0492631,0.242201566,138.7243147,134.6681372,132.229649,0.275911936,171.43744,167.4892096,163.5342563,0.355803439,Granodiorite
12720V_P2.JPG,88.31639476,86.95828674,85.46475241,0.103402332,200.649128,195.8014829,191.4839509,0.222824104,137.9598057,134.5861745,131.4881563,0.283614001,169.1328668,164.7196855,160.5548175,0.390159563,Granodiorite
10715M_P2_01_02.png,67.30652856,64.02698241,61.55730704,0.138289609,112.4453871,108.7080902,104.44652,0.208386485,174.5455739,170.6388107,166.4823859,0.2996674,145.2790651,141.0666761,136.7546275,0.353656506,Granodiorite
12723M_P2_01_02.png,73.26935798,71.90639842,72.61025025,0.160949958,131.4616487,127.1629016,125.093589,0.23411064,200.5555698,197.370429,193.249712,0.277495836,168.4681918,164.3231151,160.8772527,0.327443566,Granodiorite
11830I_P2_01_01.png,103.3259666,100.2052858,92.7899622,0.132639316,142.0290626,138.5416541,133.233909,0.248915558,200.9562107,198.4087771,196.501305,0.266878356,172.8831469,169.8183319,166.5480195,0.35156677,Granodiorite
10715M_P2_01_01.png,74.89360422,71.53083795,70.48499238,0.119612564,123.4157713,119.5226997,116.6331695,0.262851877,182.4244352,178.9519702,176.1617219,0.280057767,154.0871258,150.0377299,146.752636,0.337477793,Granodiorite
12723M_P2_01_01.png,76.31285572,74.24861865,74.06232221,0.158249215,133.230857,128.8144561,125.9193471,0.233940595,206.5128401,203.6429433,200.8296627,0.284412902,172.1663266,167.7939015,164.3696484,0.323397287,Granodiorite
11823H_P2_01_02.png,71.1038963,68.6711717,66.02376203,0.128334292,126.711626,122.6105015,117.3298948,0.192901744,168.9400419,164.2126806,159.9815396,0.300626234,200.318,196.4645256,193.7908771,0.378137731,Granodiorite
10715L_P2_01_02.png,101.1043084,98.03888606,93.52502837,0.2036733,174.2466372,171.1919398,165.0296004,0.215325351,55.57971354,53.09880632,51.56611739,0.240522776,139.1629385,136.1775472,130.5220472,0.340478573,Granodiorite
12715C_P2_01_02.png,103.2146726,99.45099061,96.95923326,0.092606784,191.6067108,187.4617581,179.7282393,0.249200012,140.9414474,135.9701861,130.2450164,0.290751767,165.8306709,161.2898464,154.3882537,0.367441436,Granodiorite
10721D_P2.JPG,66.88770534,67.40762603,69.97203547,0.14021565,123.1791674,123.9439624,123.4114991,0.193143303,190.4026761,190.3708317,185.9891334,0.297298855,160.1934584,160.3123263,156.4164166,0.369342192,Granodiorite
10714Q_P2_01_01.png,75.17957504,72.90460393,68.66155007,0.155920332,125.2160467,121.5063494,116.3254589,0.208151553,161.7817744,157.0049402,152.6430405,0.307110817,190.8676986,186.7759189,183.2508582,0.328817298,Granodiorite
11823H_P2_01_01.png,75.1063952,72.62206084,71.69963365,0.103032157,132.0037044,128.7505218,126.1988827,0.170508938,171.9445651,167.9344838,164.788939,0.359676429,200.8371593,197.7994355,195.7665805,0.366782476,Granodiorite
10715L_P2_01_01.png,112.3900038,109.17484,104.7457829,0.189242289,61.24613552,58.39383425,56.09793578,0.198707309,184.5736206,181.0580449,176.3819213,0.269073047,150.8018419,147.3255422,142.4775064,0.342977355,Granodiorite
12715C_P2_01_01.png,94.19990402,91.78055753,92.5364729,0.090798963,195.5932998,192.5325321,186.85303,0.25082724,138.8115429,134.3891327,130.5064716,0.286357487,166.7682018,162.9089359,157.7451627,0.37201631,Granodiorite
10715L_P2.jpg,105.327292,102.179643,97.5980621,0.19133523,57.84538429,55.2180993,53.37434624,0.217861458,179.8214083,176.4676116,171.268839,0.252338061,143.9830403,140.7789427,135.4905328,0.338465252,Granodiorite
10714Q_P2_01_02.png,76.35737118,74.06349439,70.98322351,0.131728236,128.1709869,123.4898801,116.6228952,0.216214726,196.1397355,190.9438781,183.1334532,0.315831094,164.4425134,159.04269,151.9057828,0.336225944,Granodiorite
11830E_P2_01_01.png,57.93109873,55.81036684,54.51325859,0.17437212,118.3067793,114.0845037,109.651879,0.18336741,185.8851974,182.066559,179.7057538,0.306354938,154.7966805,150.4832926,147.151663,0.335905532,Granodiorite
12715A_P1_Cleaned_01_02.png,143.8697998,139.134491,125.8422929,0.183087431,51.11132033,49.01977284,44.71362927,0.239695871,85.45706542,80.98923673,71.81608468,0.269610452,114.8368265,109.8443654,97.24236022,0.307606245,Granodiorite
12718B_P2_01_02.png,79.70798997,76.45809693,70.13748847,0.157810415,129.3008356,125.8841211,118.4324457,0.215090779,198.4286042,196.0745836,191.410556,0.300322482,166.3821273,163.5421892,157.8234346,0.326776324,Granodiorite
10714H_P5.JPG,85.0425435,85.01972085,82.5126085,0.185700028,187.2690459,186.7374603,181.6653982,0.192983871,122.278883,122.310034,118.2172855,0.310449231,153.9732891,153.3682391,147.9210066,0.31086687,Granodiorite
11830E_P2_01_02.png,59.08496798,56.6037196,52.31646913,0.155455105,115.5411984,111.0233471,105.8098122,0.202171267,182.4120231,178.5692112,176.459699,0.292773781,150.7094723,146.085814,142.4861921,0.349599847,Granodiorite
12715A_P1_Cleaned_01_01.png,153.8379952,148.5551093,135.0408651,0.172947279,88.59788947,84.21430457,75.88897521,0.250544703,50.46157934,48.83154927,46.09941467,0.275013005,121.922126,116.8595759,105.244729,0.301495013,Granodiorite
12722T_P2.JPG,78.6056659,76.52042965,75.81582709,0.118651653,133.1737422,129.4432522,126.9436219,0.242078867,199.7561072,195.8504374,190.8490129,0.291864215,167.4144486,163.4936584,159.9463322,0.347405265,Granodiorite
12718B_P2_01_01.png,82.2237892,79.51191249,76.8965119,0.148347454,135.0420471,131.9052358,125.9698128,0.202186741,204.6804814,202.5103367,197.5091125,0.311099833,174.4949967,171.5489539,165.3889235,0.338365971,Granodiorite
12717B2_P2_01_02.png,120.8611666,118.2497344,113.4550188,0.157923946,189.5195833,186.4146015,181.6379196,0.189324524,146.1437761,142.8722804,137.9371421,0.315564065,167.4624365,164.1973159,159.1070285,0.337187465,Granodiorite
10714H_P5_01_02.png,185.6974112,184.8329982,179.360615,0.176830904,85.04926327,85.0838609,82.62181524,0.199482733,152.5153088,151.8195853,146.0149291,0.308507974,121.7838601,121.7832458,117.4020336,0.315178388,Granodiorite
11823H_P2.jpg,73.90573195,71.40583822,69.38919242,0.119269123,130.8856786,127.1476848,123.1218662,0.187310863,171.9265171,167.5691568,163.9780602,0.333817347,201.2172899,197.8255894,195.5225218,0.359602667,Granodiorite
12717B2_P2_01_01.png,128.4479547,126.2485449,122.0247638,0.142610275,197.8079345,194.7885264,190.3655869,0.210450851,154.7295666,151.8330407,147.2827135,0.293312104,175.7256833,172.7539343,168.3646062,0.353626769,Granodiorite
10720T_P2.jpg,78.31685105,74.65698472,72.40788435,0.136867475,181.2843764,178.1192359,175.5147226,0.22453264,120.6273117,117.2895561,114.7005583,0.271631141,150.009907,146.6890283,144.0710464,0.366968744,Granodiorite
12717H_P2.jpg,61.69557142,59.22521164,53.92756491,0.151239594,110.1549813,105.9763003,98.23627753,0.224776707,172.7069071,168.9674992,164.4000133,0.241624908,141.6392341,137.3021665,131.344409,0.382358791,Granodiorite
12717B2_P2.JPG,124.3386574,121.8341408,117.2449337,0.153973112,194.720011,191.6585025,187.1100622,0.194892915,150.3291765,147.2240748,142.4172694,0.304581191,172.0247558,168.9545761,164.2785586,0.346552782,Granodiorite
12716F_P2.jpg,115.8056397,114.3503052,109.5530833,0.227761715,189.1584217,185.7566385,181.3366291,0.235400787,70.9034925,70.14057519,67.10652837,0.237701759,153.1896567,150.4271793,145.8879918,0.29913574,Granodiorite
10714H_P5_01_01.png,85.13246464,85.04687582,82.5060741,0.172349843,188.613464,188.3226328,183.5038633,0.207166005,122.7376173,122.8144561,119.0520808,0.303782773,155.3091105,154.8113185,149.7355571,0.316701379,Granodiorite
10719R_P2.JPG,93.93086355,91.30749831,87.30797153,0.146195839,137.3823838,134.2528271,128.4101222,0.237154486,201.8422966,199.3769425,194.5633173,0.268141005,171.487549,168.6948878,163.2519464,0.34850867,Granodiorite
11831EE_P2_01_02.png,80.42947146,77.75342407,72.43530971,0.158506417,129.1923498,126.4801046,120.9439054,0.216069602,201.2018764,197.3610107,191.5160727,0.294666055,168.1041457,164.7452752,158.7789998,0.330757926,Granodiorite
10720T_P2_01_01.png,79.88141347,75.93948047,71.9713604,0.134892056,178.7921331,176.0692449,174.4322806,0.238424678,120.637754,117.3369415,114.1191136,0.259591165,149.252776,146.2724795,144.0547305,0.367092101,Granodiorite
12723X_P2_Cleaned.png,83.19198737,78.67500963,72.64431375,0.152592637,192.932191,189.8631707,186.6738603,0.229015048,129.9786006,124.5900604,116.5777929,0.268217337,162.061245,157.653216,151.8309299,0.350174979,Granodiorite
12723X_P2_Cleaned.jpg,84.19555248,79.63702985,73.64364765,0.152677999,193.4486972,190.4125146,187.3291451,0.22519429,131.5128722,126.1738558,118.2943489,0.274257902,163.352158,159.0218396,153.320146,0.34786981,Granodiorite
11831EE_P2_01_01.png,74.56545132,73.03303826,73.20452798,0.192210759,128.2520918,126.3706883,124.1011504,0.192590282,206.9326524,204.0665705,199.5554305,0.304128262,172.2051995,169.4822737,165.7522302,0.311070697,Granodiorite
12718B_P2.JPG,80.82488286,77.82134149,73.19343634,0.152795234,131.8179305,128.5448741,121.9146557,0.208670785,201.8008555,199.5312229,194.6466104,0.307208089,170.3449244,167.4585069,161.5518332,0.331325892,Granodiorite
10720T_P2_01_02.png,77.03988576,73.64580255,73.02157641,0.140558686,184.7697446,181.1272605,177.474319,0.202654025,121.0286409,117.6517444,115.6478492,0.290172282,151.4739762,147.8012428,144.7249971,0.366615007,Granodiorite
11828E_P2.jpg,77.64973668,75.40899308,74.53228644,0.091040234,132.9959685,129.9380397,128.4173159,0.205890508,200.1346704,196.7639699,194.7184942,0.333695511,169.6347398,166.3136732,164.1185166,0.369373748,Granodiorite
10719R_P2_01_01.png,99.27664994,95.98742553,89.75431032,0.141574938,141.4955743,137.9172649,131.1298755,0.23529643,203.7713763,201.5413252,197.5835908,0.276885233,174.7401376,172.0375036,167.1571794,0.346243399,Granodiorite
10720U_P2_01_01.png,68.44339216,66.47446332,61.15739445,0.138537238,116.4364818,113.5486352,107.4862613,0.230152543,177.9821445,175.232134,172.4356228,0.266608947,147.553874,144.5560441,140.3964268,0.364701272,Granodiorite
10715M_P2.jpg,71.03230593,67.69234449,65.7226198,0.131949269,118.9305729,115.1156916,111.5731217,0.240140394,179.2352446,175.5707517,172.2045955,0.280625063,150.4108768,146.2563318,142.4235398,0.347285274,Granodiorite
12725D_P2.JPG,170.1702021,167.1762698,153.6542866,0.190427089,72.59453576,70.17243845,63.86540086,0.257610412,136.3460208,132.7059536,117.5936227,0.262557514,104.412942,101.2510176,90.21677218,0.289404986,Granodiorite
12717H_P2_01_02.png,60.90867364,58.18682982,51.88236593,0.148402107,104.770148,100.3047806,91.14270415,0.216029103,161.6709965,157.7472201,152.6094313,0.246357629,134.4547362,129.9816822,122.973954,0.389211161,Granodiorite
10719R_P2_01_02.png,89.96632507,87.85513921,85.5668393,0.154151571,134.3225436,131.6351779,126.7933434,0.243436586,200.3597975,197.617277,191.7293006,0.245138035,169.2585605,166.4397072,160.6298488,0.357273808,Granodiorite
10720U_P2_01_02.png,66.7926496,64.91256621,61.94226366,0.139185529,115.7906939,112.4652303,107.1673674,0.226545232,179.7306106,175.8116151,171.4349524,0.273053815,148.6455366,144.814123,140.1011623,0.361215424,Granodiorite
11830E_P2.jpg,58.95929592,56.64946459,53.89940689,0.16712241,118.1648319,113.7387953,108.9284105,0.199762136,184.5367465,180.7223682,178.4971635,0.294181247,153.493788,149.0376992,145.6093316,0.338934207,Granodiorite
11830I_P2.JPG,99.32316708,95.83315321,91.86066838,0.129392585,201.0303095,198.2660128,195.0716805,0.258614497,140.3111556,136.5150812,132.6421358,0.261720383,171.926389,168.4268833,164.7760313,0.350272536,Granodiorite
12717H_P2_01_01.png,61.58197823,59.47445585,55.57276351,0.147073273,114.2296169,110.4373568,104.5135971,0.210139971,177.7007433,174.0294265,169.5928147,0.279079584,147.0840238,142.8376108,137.6589956,0.363707172,Granodiorite
11831EE_P2.JPG,77.04453247,75.00579819,72.73988623,0.174406829,128.5789577,126.2357115,122.1524811,0.204136852,204.2003138,200.8919329,195.8120083,0.298685647,169.9270034,166.8525776,161.9302233,0.322770672,Granodiorite
12723O_P2.JPG,76.20995226,73.15962421,69.54081869,0.133087876,128.9295409,124.4668612,120.154306,0.248683944,195.7899577,192.5025754,187.9963225,0.257377264,163.1850803,158.6166715,153.995917,0.360850916,Granodiorite
11828E_P2_01_02.png,73.25594231,70.90537116,67.37348717,0.097978123,130.2132168,127.0925833,124.3732155,0.216418711,196.5753666,193.0335443,190.9957917,0.31148225,166.252227,162.9636311,160.5272123,0.374120916,Granodiorite
12722T_P2_01_01.png,78.8362134,77.0990497,77.82233311,0.118275709,133.3258421,130.0445086,128.8725514,0.244739423,201.0000796,197.1881802,192.2743494,0.283084697,168.918091,165.2302085,162.1506375,0.353900172,Granodiorite
11828E_P2_01_01.png,85.85102983,83.75168557,86.51177682,0.092568231,139.6121576,136.5358917,136.0005803,0.205996172,203.9717073,200.7786517,198.7243393,0.329780221,175.2713556,171.9054789,169.8526259,0.371655376,Granodiorite
12722T_P2_01_02.png,78.12920959,75.7181143,73.66099421,0.119471044,133.3655951,129.215959,125.450073,0.244694463,199.4835263,195.4977036,190.3604204,0.286001072,167.1173309,162.9249493,158.7888488,0.349833422,Granodiorite
12715C_P2.JPG,97.44504823,94.42614649,93.78533684,0.087355877,193.3740985,189.7979399,183.1830516,0.254790004,139.0478891,134.3505589,129.5594815,0.281839127,165.7014692,161.465086,155.4033651,0.376014992,Granodiorite
10720U_P2.jpg,68.02452509,66.08756466,61.93403096,0.140953144,116.7788795,113.6649727,108.0103075,0.232249452,179.0113926,175.6612597,172.0475463,0.267092381,148.454483,145.0468518,140.6290967,0.359705023,Granodiorite
12716F_P2_01_01.png,191.2660297,188.1667332,183.6112008,0.223581518,117.7686211,116.4931994,112.0250405,0.233610566,70.85606517,70.50011125,68.19682684,0.238946495,155.7872535,153.1430024,148.7169489,0.303861421,Granodiorite
12720V_P2_01_02.png,86.69693697,85.12055913,84.06621826,0.103707993,198.6315378,193.1781377,187.475398,0.214092086,136.0555861,132.3010523,128.6880848,0.287520839,166.6556868,161.7644965,156.6363556,0.394679082,Granodiorite
10721D_P2_01_01.png,67.27615279,68.12034304,71.44022788,0.154562993,125.0833654,126.0324951,125.9889354,0.206875397,192.8886766,192.9313059,188.8682872,0.266177707,162.2905176,162.4712319,158.8412761,0.372383903,Granodiorite
12723M_P2.JPG,74.03412683,72.34103894,72.63935666,0.156709899,131.080502,126.7854248,124.3603935,0.229732561,203.608469,200.5624143,197.0996805,0.281476998,169.6727113,165.4048925,161.9752693,0.332080543,Granodiorite
12716F_P2_01_02.png,113.4448928,111.7800726,106.5775274,0.224101796,70.59401952,69.44545921,65.74308406,0.233118508,187.354575,183.6305155,179.3431463,0.240846464,150.7069582,147.8585834,143.2040033,0.301933231,Granodiorite
10714Q_P2.jpg,76.35520214,74.04332333,70.27899267,0.147114851,128.0016392,123.7678967,117.7713271,0.218596072,194.2066478,189.5710513,183.8604488,0.3089915,164.3931724,159.2917439,153.5410421,0.325297576,Granodiorite
12720V_P2_01_01.png,89.43984727,88.35734567,86.42790666,0.099930245,201.420648,197.0247,193.691298,0.245905721,138.530215,135.7677039,133.5157186,0.262800079,170.2305603,166.2898849,163.1154021,0.391363955,Granodiorite
12715A_P1_Cleaned.jpg,149.7425952,144.6985078,131.3254842,0.170520804,51.28341107,49.39169051,45.8461829,0.26228127,88.0157116,83.53779775,74.55016582,0.265721383,119.0318913,114.0303066,101.8913252,0.301476542,Granodiorite
10721D_P2_01_02.png,67.70887993,67.86929002,69.52649505,0.130846816,124.2718829,124.8201344,123.5306512,0.193604771,189.2926758,189.1837719,184.4776165,0.304593812,160.2799199,160.3022718,156.0150122,0.3709546,Granodiorite
11826E_P2_02_01.png,90.26358422,89.34763356,88.97347958,0.047253644,143.3514802,138.8529008,134.2742286,0.222417196,190.3428155,187.1675537,182.7753811,0.325623689,169.3108502,165.3317571,160.1945665,0.404705471,Granite
11823G_P2_02_01.png,85.03255971,84.03513505,83.59297299,0.114167596,131.6222352,126.5528171,123.135154,0.221395755,161.1197539,155.5816983,151.2368024,0.315489683,188.507494,183.7959649,178.8187507,0.348946967,Granite
11826E_P2_02_02.png,96.85135609,95.63323467,92.28445787,0.046657421,146.7961834,141.456983,135.8058969,0.238962809,195.3011464,191.5472021,186.9150063,0.3129815,174.1499287,169.3898116,163.5591253,0.40139827,Granite
11823G_P2_02_02.png,89.00207555,85.43464612,82.75833832,0.113950994,130.7739856,124.3707542,119.3490281,0.250236505,184.9731497,181.1189589,176.1674137,0.28028671,158.6932007,152.6546334,147.5128787,0.355525791,Granite
11826E_P2.JPG,91.67775804,90.36340666,86.39927473,0.063396187,140.9747265,136.3058659,130.4087031,0.242933862,188.4539934,185.1666448,180.9102979,0.30290982,167.4550231,163.2597006,157.6244011,0.390760131,Granite
11823G_P2_02_03.png,83.22946759,80.92440745,79.37570928,0.115772786,185.1794514,180.0744223,174.1561585,0.245388149,129.1572091,121.5775373,115.6562627,0.261025589,157.7337952,149.9298387,142.8185885,0.377813475,Granite
11826E_P2_02_03.png,97.43292712,94.51579392,89.66819498,0.047098796,141.7476104,134.7807992,127.7901148,0.232274373,185.8465395,181.2563081,175.2883765,0.333834048,166.4606634,160.0552862,152.372057,0.386792783,Granite
11830C_P2_03_03.png,81.64467149,80.51383567,80.36111821,0.086519855,177.9484556,173.1151355,167.185469,0.23258397,125.7820387,119.793217,113.7435268,0.279570967,152.1791375,145.9345963,139.1237622,0.401325208,Granite
10714J_P2_02_03.png,60.99174122,59.05379026,54.72552588,0.121992417,104.5897338,96.91202964,83.3795779,0.191268429,152.3660147,142.4414607,124.6405749,0.259380191,131.2089802,120.6301962,103.3265377,0.427358962,Granite
12719I_P2_02_01.png,71.44071659,67.71934214,68.11550073,0.079783292,132.6613907,127.0271572,124.0443583,0.185825099,193.6121301,189.91865,186.3324973,0.338670559,168.6884538,161.548377,156.427855,0.395721049,Granite
10714J_P2_02_02.png,64.10327843,62.30161295,57.44095936,0.118059974,161.256734,155.9586563,141.1844419,0.208493766,109.1700063,103.678556,90.84035492,0.245960344,135.6159508,129.2579027,115.0166661,0.427485915,Granite
11825G_P2_03_01.png,75.5670894,73.81613165,71.2293778,0.082256045,133.1064257,128.8366827,124.2204342,0.188548946,164.5683323,159.9134258,155.2818952,0.360854307,189.3284221,185.833601,182.8222543,0.368340702,Granite
11830C_P2_03_02.png,94.47200339,93.17282754,95.53926797,0.081696878,137.2400863,132.6365656,130.2764188,0.24841291,185.738365,181.4949758,176.9021939,0.283338764,161.8549163,156.5491278,152.771721,0.386551448,Granite
11825G_P2_03_03.png,71.31961132,69.12987985,69.16690897,0.072569724,131.2409226,126.0483916,121.9194325,0.181352421,182.6770523,177.7889818,172.8602223,0.353788418,160.7290614,154.1175059,148.3786427,0.392289438,Granite
10714J_P2.jpg,59.64264264,58.09711396,53.97018296,0.145933698,161.3548075,155.4377565,141.3126804,0.220010868,105.5377978,100.359885,88.40759495,0.224989038,135.9762093,128.5679112,113.8443237,0.409066396,Granite
12719I_P2_02_03.png,65.00225715,63.6514105,66.1089432,0.110615503,129.1603247,126.4416095,126.2695673,0.196263755,195.1788584,192.9413354,191.0080112,0.325565162,166.2630641,163.0760071,161.3427251,0.367555581,Granite
12719I_P2_02_02.png,71.1660275,68.94370572,69.89158095,0.078668875,135.6837666,131.8308702,130.4162246,0.200665282,204.9897255,202.2403465,199.8741567,0.342411483,176.198391,171.8177257,169.5593291,0.37825436,Granite
10714J_P2_02_01.png,61.36619311,59.46752033,54.32744446,0.139158922,164.0461697,158.9833186,146.31367,0.231461398,107.1561442,101.9316951,89.43398712,0.234706437,138.0667622,131.1800179,116.9813752,0.394673243,Granite
11825G_P2_03_02.png,87.19024697,83.40424793,80.43273287,0.04689645,142.2237389,135.5912178,128.7457608,0.204103797,194.1178784,189.2900346,183.5901429,0.364113227,171.0720601,164.9703939,158.2142745,0.384886525,Granite
11830C_P2_03_01.png,92.17076768,90.95331048,92.53854683,0.120616373,184.4779169,180.413414,174.9119271,0.250794779,130.8234408,125.4615611,122.8499729,0.293811583,156.9678122,151.6549198,147.6641194,0.334777264,Granite
12723I_P2_02_03.png,70.77922716,68.77607666,66.31655663,0.115892198,125.4019075,120.7436801,116.2146591,0.221243964,184.3394085,181.0078131,177.7853947,0.297585381,157.762471,152.5712977,148.162189,0.365278456,Granite
11825G_P2_01_03.png,73.87913012,71.82824421,70.89339023,0.048731526,130.7797822,127.0609413,125.2176933,0.212265011,162.7380351,158.5617611,156.6533178,0.342948024,187.1182175,183.2102684,181.152197,0.396055439,Granite
11830C_P2_01_01.png,87.598521,86.20778045,87.19916646,0.106502873,131.1395788,127.5827536,126.5325974,0.221763126,185.1971243,181.6273717,178.6057314,0.307996663,160.3848075,155.7135793,153.0989366,0.363737338,Granite
11825G_P2_01_02.png,92.6945165,89.04939501,87.6127196,0.055172067,139.7618995,134.492351,131.9055461,0.203705708,187.8516501,183.3219961,181.2471771,0.369221137,167.1996247,161.8104251,158.9657591,0.371901088,Granite
12723I_P2_02_02.png,78.44283991,75.95913546,71.57620508,0.11227643,132.3040401,126.6714209,120.9248421,0.258113155,191.1707714,188.6703817,186.4872328,0.278986048,163.8284237,158.9508348,154.6574621,0.350624367,Granite
12719I_P2.jpg,71.71035866,69.09837056,69.84431679,0.088711314,133.9660234,129.3534339,126.910021,0.216579543,196.6338275,193.5260577,191.0057045,0.318759409,169.3671126,164.1404634,160.6908818,0.375949734,Granite
11830C_P2_01_03.png,78.8437973,76.69084958,75.5280275,0.136291047,119.5147108,114.3759737,110.7824633,0.216234228,176.8686404,172.0081638,166.4838844,0.286373487,150.5125246,144.5186228,139.6700685,0.361101238,Granite
11825G_P2.JPG,79.43851823,76.93478664,75.69917073,0.066354884,136.7822958,131.8521385,128.0104907,0.21059935,190.7574055,186.5874072,183.3732014,0.354363901,167.0061929,161.8533614,157.6693148,0.368681866,Granite
11830C_P2_01_02.png,92.90538851,91.37805176,89.9874667,0.091260145,139.9447937,134.7388749,129.0201637,0.180646881,170.2545862,165.1174976,158.4485024,0.309359141,193.2781724,190.7388395,184.4242117,0.418733833,Granite
11825G_P2_01_01.png,80.47041945,77.88251516,77.32095926,0.069412065,141.0265793,136.270866,132.3024314,0.176557572,173.8681513,169.1214645,165.1537878,0.36751747,195.6751805,191.8141221,189.3327429,0.386512893,Granite
12723I_P2_02_01.png,67.85692916,66.94027527,67.16539865,0.092436049,132.3711433,127.0266304,124.0980852,0.227283619,192.2262318,189.7070465,187.9441712,0.293066519,164.5292101,159.804993,157.1884104,0.387213813,Granite
11826E_P2_03_03.png,88.93460583,87.61112115,80.96930954,0.075007121,136.3324359,132.1381976,123.8825674,0.271039044,179.1550672,175.9373448,169.4011609,0.316457678,158.4215122,154.1725186,145.9844081,0.337496157,Granite
11823G_P2_03_03.png,81.6621221,80.28742303,79.40646461,0.092726413,176.3741632,171.2102432,164.6669004,0.217964089,124.1027345,117.9997582,111.5763443,0.280588781,150.529609,144.2170495,136.8035701,0.408720718,Granite
11823G_P2_03_02.png,96.27572891,94.56253276,96.52232919,0.085105561,137.9716181,133.2925221,130.9058561,0.253463278,185.7110295,181.5061467,177.0468969,0.278817334,162.0831033,156.963818,153.47039,0.382613827,Granite
11826E_P2_03_02.png,87.89427528,86.55959138,80.69297588,0.09536065,133.6958348,129.6098748,121.8971529,0.22833252,182.388777,178.916559,172.7648387,0.324098375,160.0791242,155.7888669,147.8157353,0.352208455,Granite
11823G_P2_03_01.png,91.57110163,90.44084109,92.13020058,0.117676536,183.707897,179.5393128,174.0133522,0.237708757,129.8772251,124.0666308,121.151867,0.306899394,155.2024559,149.5906382,145.4369098,0.337715313,Granite
11826E_P2_03_01.png,85.84852101,84.83786546,79.53051622,0.098603425,133.8241963,130.0454921,123.2998944,0.211092348,185.4868735,182.5693394,177.7108416,0.333048503,163.3602779,159.4845451,152.8878447,0.357255724,Granite
12723I_P2.JPG,71.70443573,70.06425133,67.95498984,0.112117375,192.5263415,189.7824471,188.0829839,0.243159353,131.5927916,126.2180827,121.7204063,0.254944162,163.9433625,159.048889,155.3299251,0.389779111,Granite
11826E_P2_01_01.png,86.47698511,86.26745874,88.04166443,0.052383423,141.7085557,138.3985812,137.0914003,0.202687581,189.4374762,186.8708965,184.1900029,0.354293823,168.5736272,165.4298482,162.8960702,0.390635173,Granite
11823G_P2_01_01.png,88.26039495,86.74325032,87.5743033,0.118154229,129.4354453,125.8157908,124.4212911,0.228584575,183.5960548,180.5188606,177.6948222,0.283125943,158.3095179,153.6053528,150.8790524,0.370135253,Granite
11823G_P2_01_03.png,78.62737124,77.02280027,76.02088963,0.129092008,122.6824732,117.051365,113.0866185,0.208761462,178.0899991,173.3879604,168.3447051,0.291701011,152.6561255,146.6349926,141.7541593,0.37044552,Granite
11826E_P2_01_03.png,101.0174641,98.39363565,95.92475288,0.053124322,140.0684285,134.7548455,130.2166284,0.237572564,183.4327219,179.8085262,175.3763058,0.309886791,163.9983191,159.555991,154.4517599,0.399416323,Granite
11826E_P2_01_02.png,104.0348697,103.0139964,102.1794325,0.053805881,146.9677848,143.3567496,140.7921151,0.206181844,191.5152134,188.8582694,186.4272579,0.306094699,171.7714198,168.4335085,165.4878661,0.433917575,Granite
11823G_P2_01_02.png,98.55476576,95.85687837,93.18278397,0.105953139,141.7794417,136.4431311,130.9449573,0.214397778,170.6693568,165.547336,159.0837601,0.303493486,193.2125793,190.6660613,184.4610925,0.376155597,Granite
10714J_P2_03_01.png,66.94056014,64.16920297,57.27467177,0.132472221,171.0278631,165.1954029,152.8361165,0.215513331,111.9335304,107.5230432,94.54722226,0.21843015,144.4217497,137.13659,121.8891697,0.433584297,Granite
12719I_P2_03_02.png,71.6306598,70.47080143,73.60767069,0.089959952,135.9522953,132.6080311,131.532937,0.211296691,199.5364207,196.9685165,194.1176053,0.287073321,171.8905066,167.6531147,164.9400601,0.411670035,Granite
12723I_P2_01_02.png,62.32842338,61.67800524,60.58593441,0.136773569,122.3053962,117.6751512,114.496944,0.199433503,186.5941786,183.3649939,181.8434428,0.3238175,157.883069,152.5876369,149.8521862,0.339975428,Granite
11825G_P2_02_02.png,77.25453873,74.41246136,73.44267952,0.077622751,136.5856989,131.7547879,128.6936821,0.242730814,167.3225901,162.4760306,158.8554822,0.337122782,193.8011662,189.4780918,185.5414628,0.342523653,Granite
11830C_P2_02_01.png,84.29507078,83.54968354,83.41136806,0.110363229,130.7738089,126.3193979,123.4973765,0.205120895,160.2083078,155.1041675,151.1810503,0.318111585,188.3177754,183.6755814,178.7910125,0.366404291,Granite
11825G_P2_02_03.png,79.40233372,77.38233992,77.30178904,0.0699462,134.5509824,130.033319,126.778,0.19737493,184.9137121,180.7580245,177.7724037,0.363960949,162.9084841,158.1454571,154.5058011,0.368717921,Granite
12723I_P2_01_03.png,69.27348044,68.50513821,69.19192908,0.099146525,127.4406403,122.9106364,120.2468489,0.221579658,184.3193611,181.3557454,178.9778305,0.309602525,158.6775278,153.5438846,150.146081,0.369671292,Granite
12719I_P2_03_03.png,64.71362386,64.41554819,68.5821119,0.100508084,128.6557164,125.5598699,125.1530871,0.20106389,195.0661406,192.1291597,189.8737411,0.340161127,166.1188805,161.6043114,159.2771934,0.358266899,Granite
10714J_P2_03_02.png,96.4744285,93.52466769,82.75177111,0.170263923,54.04181735,53.23431163,48.32193318,0.22575626,159.008366,153.1004054,139.3067394,0.238058302,132.9956776,126.5657974,111.9612506,0.365921515,Granite
12719I_P2_03_01.png,68.55955108,65.02948622,64.82064759,0.077737855,127.9673164,122.3171598,118.2601636,0.206972827,189.4102063,184.1445439,178.682434,0.339131859,163.2047104,155.6225858,148.8878266,0.376157459,Granite
12723I_P2_01_01.png,78.39710736,76.78495587,78.26349626,0.075944123,142.7816737,137.3325448,134.9991635,0.247063531,211.6642178,209.6249607,210.9072834,0.285858154,178.1780943,173.725297,171.6093348,0.391134191,Granite
11825G_P2_02_01.png,82.22604537,79.6433363,77.32923862,0.072829448,138.490424,133.5121333,129.0660423,0.232648723,194.510659,190.7062474,188.3948252,0.345487292,169.6730453,164.8062995,160.9174079,0.349034537,Granite
11830C_P2_02_02.png,88.01832654,84.77980138,81.86502081,0.118332,128.6629029,122.4753461,117.3472029,0.238716358,184.4883051,180.2627269,175.1560203,0.290981725,157.0408147,150.8521415,145.5598421,0.351969917,Granite
11823G_P2.jpg,87.84573939,85.77289213,84.96038101,0.112988483,131.5167694,125.7998751,121.4734436,0.262443191,186.2504628,182.3232439,177.2537988,0.270482253,159.4500758,153.6401566,148.6218248,0.354086073,Granite
11830C_P2_02_03.png,84.187621,81.65335601,80.22526925,0.130979355,186.956962,182.085684,176.6061407,0.233546591,130.989723,123.5877929,117.7522346,0.277653131,159.0702135,151.7858526,145.1986275,0.357820923,Granite
10714J_P2_03_03.png,55.80823418,53.86684113,49.24625465,0.15361297,97.05101464,92.66267855,81.26128138,0.232566817,153.2783054,147.1104412,132.6637895,0.234593418,127.7697156,121.9123743,107.6140687,0.379226795,Granite
11830C_P2.jpg,87.36308802,85.35663035,84.69752862,0.113966337,131.7131812,126.23797,122.1350722,0.256957471,186.9107351,182.9746941,177.8579878,0.278644685,160.101403,154.4047104,149.5131377,0.350431506,Granite
12719I_P2_01_01.png,77.6216249,73.61584768,71.53467988,0.084656411,132.4500816,127.7591858,124.2772378,0.222785201,192.504677,189.3920654,187.1835566,0.33222453,165.5793476,160.9694505,157.5642918,0.360333857,Granite
12723I_P2_03_01.png,70.59255762,69.08089239,68.58489361,0.103734899,126.4463986,121.2343155,117.0325505,0.210995144,183.0220742,179.1851172,175.7947063,0.323710124,157.2916307,151.2389196,146.5707334,0.361559833,Granite
10714J_P2_01_02.png,56.16530131,55.29290724,53.73065479,0.159931198,102.3057271,97.85689418,88.3953361,0.205535145,161.3794953,156.0311179,142.2511864,0.250874349,135.2397687,127.8508492,114.2368287,0.383659308,Granite
10714J_P2_01_03.png,59.48288933,58.3876069,57.20707037,0.116934429,103.2891746,98.44210736,88.24062036,0.224849011,156.7973618,151.7283951,137.7040818,0.226247041,133.4997926,126.2503164,112.0549089,0.431969519,Granite
12719I_P2_01_02.png,79.98103438,75.16353784,72.38508038,0.077520773,140.7909161,133.8826259,129.9190056,0.253196347,197.4791548,193.8498927,192.4447121,0.304743057,172.1368016,165.5436983,161.9314455,0.364539823,Granite
12723I_P2_03_02.png,69.5778819,67.17616496,61.50338907,0.118320606,127.4419837,121.4345264,115.0473765,0.218537507,183.3643066,180.5651281,178.2724987,0.299445823,157.7977546,152.487088,148.0123894,0.363696063,Granite
10714J_P2_01_01.png,61.72020041,60.27811277,57.39378643,0.122314444,104.9479943,100.7916767,90.65207332,0.206329375,160.343456,153.6508241,138.8900394,0.257884625,136.6731729,128.8297663,114.5770793,0.413471557,Granite
12723I_P2_03_03.png,73.22139663,71.17285048,66.91838349,0.115251894,123.945937,118.7615429,112.3588584,0.223155269,176.7475397,173.6730835,169.8199994,0.27017664,152.4623616,146.8090532,140.6367076,0.391416196,Granite
12719I_P2_01_03.png,74.0725049,70.33168311,69.05575717,0.086437982,131.7444904,127.9470298,126.0772891,0.209033236,167.7454111,163.0436833,160.4983304,0.346950558,195.1809861,192.3726825,190.3441231,0.357578224,Granite
11825B_P2_02_04.png,93.42828761,89.06112718,84.2690645,0.190366098,185.7738128,181.0124802,173.3118476,0.218795507,123.9450162,119.9389935,113.2047283,0.293379732,153.1300762,149.030144,141.9358998,0.297458663,Diorite
10714M_P1_Cleaned.jpg,155.4631688,152.7839816,139.6502273,0.118197788,121.4628573,119.7493174,110.2711712,0.267741366,70.16313043,69.4126088,66.03170884,0.277786661,94.50260484,93.32331185,87.27079907,0.336274185,Diorite
11825B_P2_02_02.png,177.5741181,173.9811817,167.4650096,0.183807082,90.81511964,88.05013109,85.03563535,0.225621748,120.0641132,117.5691303,112.9800199,0.289090625,146.7059989,143.9804567,138.9675572,0.301480545,Diorite
10719Q_P2.JPG,101.3817116,95.75127213,89.16915237,0.169030665,206.2021196,204.3015538,197.4052876,0.203756419,171.4437668,168.5487598,160.3920057,0.298930792,137.6738014,133.709825,126.4249545,0.328282124,Diorite
11825A_P2.JPG,87.26461835,83.52842285,79.06501418,0.113797222,135.3551629,131.8734565,126.5396385,0.222205612,200.3321729,197.4606307,194.4423255,0.321178092,170.7533116,167.5857049,163.239173,0.342819073,Diorite
11825B_P2_02_03.png,95.60384609,92.20443939,88.27790885,0.174275566,183.1087463,179.975752,174.0237774,0.245615563,127.0542662,123.9685836,118.6060193,0.270605579,154.4344876,151.1656424,145.7912712,0.309503292,Diorite
11825B_P2_02_01.png,173.3424856,170.1884589,164.0853435,0.183287645,85.23271773,83.85489918,82.20189582,0.226819755,141.8701072,139.6975349,135.6153806,0.288908972,113.6926839,111.8894461,108.3199213,0.300983627,Diorite
11828J_P2.JPG,92.60508652,90.27934738,85.66544808,0.178054698,201.2131674,197.9780017,194.5035648,0.221400599,165.5919588,162.979019,158.5500471,0.295734811,130.9038332,128.9056003,123.8171968,0.304809893,Diorite
10714M_P1_Cleaned_02_02.png,150.7510998,149.0935044,135.694093,0.105398631,118.4745776,117.2801296,108.4375048,0.252665574,68.66502808,68.14860838,64.53148122,0.317147081,91.69378427,90.95790079,85.18790961,0.324788714,Diorite
11825A_P2_01_02.png,93.06804703,89.98233608,87.83028602,0.109720926,139.8270093,136.6501566,134.4780369,0.19021246,204.6956846,201.4175368,200.1887895,0.319705871,174.7224597,171.6705181,170.1683945,0.380360744,Diorite
11828J_P2_01_01.png,96.24351898,94.53286511,92.51822765,0.18201434,199.8859138,197.0622327,194.5258752,0.223010011,131.846532,130.4547695,127.2951628,0.289855249,166.1594557,164.0022876,161.0958051,0.3051204,Diorite
11828J_P2_03_04.png,94.2947423,91.13665702,82.3225904,0.156521916,193.7992471,189.7716018,184.1659582,0.201873647,131.21372,128.1858086,119.7437355,0.318590368,161.0763126,157.4655933,149.831317,0.323014069,Diorite
10719Q_P2_03_03.png,104.4055973,98.45932055,89.03664285,0.182293549,206.5755625,204.0077972,196.8468915,0.193062716,171.8564055,168.2686186,159.2937261,0.306518686,139.4170674,135.1268044,126.4645094,0.318125049,Diorite
12719J2_P2_Cleaned_02_01.png,164.4433783,162.11312,157.4783215,0.169648194,79.66779465,76.31970122,71.26515902,0.217243049,107.9283028,105.3238369,100.4464741,0.296031869,133.0189186,130.7985533,126.8386634,0.317076888,Diorite
10719Q_P2_03_02.png,112.9099172,106.8276814,99.07050756,0.148722248,207.6832936,205.6919413,199.7512212,0.224489563,145.6432622,141.5502659,134.4904136,0.297867668,176.0012302,172.5983927,165.1811272,0.328920521,Diorite
11825A_P2_01_03.png,90.06960212,86.5544356,84.38183319,0.108532395,137.7031324,134.5611869,132.7822696,0.199317686,197.4838498,194.9220758,194.5713089,0.345078313,172.8326604,169.9493323,168.7623379,0.347071606,Diorite
10714M_P1_Cleaned_02_03.png,162.4366664,159.1864969,145.892824,0.127998972,127.5984685,125.5075681,114.6668969,0.270545326,98.27749367,97.15749583,90.08425472,0.299158071,68.68161573,68.24540578,64.69499899,0.302297632,Diorite
11825A_P2_01_01.png,95.18058945,92.48239696,92.39671886,0.111173861,139.6212798,136.7126048,134.8654729,0.189681086,203.9977476,201.5781471,200.3707176,0.345897193,175.4841707,172.5623421,170.660533,0.35324786,Diorite
10714M_P1_Cleaned_02_01.png,149.1318216,147.1424323,136.8987699,0.149757383,119.4685408,118.0814333,110.1013191,0.259034673,72.36098432,71.48637437,68.18014953,0.263074006,94.52274916,93.51109451,88.04990075,0.328133937,Diorite
11828J_P2_01_02.png,91.67500749,88.44448842,82.51685994,0.127548701,193.1433528,190.8750879,190.4685797,0.227459416,130.1848023,127.8940161,123.8872047,0.319172078,160.1111559,157.9171759,156.2080192,0.325819805,Diorite
12719J2_P2_Cleaned_02_02.png,170.3689736,167.5125996,160.6183412,0.15698293,79.14697118,75.35524048,70.6711256,0.223115452,108.2360198,105.3673378,100.7012785,0.300646114,134.6716116,132.5077546,127.525015,0.319255505,Diorite
11825A_P2_03_04.png,81.72836925,77.7280476,72.61104857,0.111852838,132.7134131,128.49241,121.9546607,0.192031194,173.6566519,169.299781,161.0846156,0.347528536,200.5075408,196.5783279,189.3830941,0.348587432,Diorite
12719J2_P2_Cleaned_02_03.png,166.8476139,163.8877912,157.4337054,0.154293279,73.68579387,71.47859551,68.63808826,0.20297296,105.3560156,103.6158013,100.3826985,0.307391159,132.0796375,130.4237186,126.4469617,0.335342602,Diorite
10719Q_P2_03_01.png,105.3960981,97.93397946,88.90273782,0.137595099,209.4331554,207.3260655,200.5567698,0.233855399,141.9337077,137.3872071,128.7567231,0.312193772,174.5426203,171.6341389,164.0163572,0.31635573,Diorite
10719Q_P2_01_04.png,90.51486663,85.47663902,80.67260163,0.189890067,194.8761197,192.9924612,183.526292,0.194924675,158.0812961,154.9964645,145.0879469,0.287406159,126.5075893,122.4264385,115.3663777,0.327779099,Diorite
11828J_P2_01_03.png,96.93617341,92.60772052,87.14741547,0.134768669,200.2333519,197.0851161,195.3495121,0.238199405,165.0509815,162.2404169,158.724291,0.300748106,131.6165615,129.0881318,125.0481077,0.32628382,Diorite
11825A_P2_01_04.png,100.2014091,96.03794855,92.66837621,0.078349354,140.8205468,137.1588875,132.764045,0.244232865,192.7711257,189.8609241,187.9046486,0.298553612,167.4724812,164.3235628,161.0504952,0.37886417,Diorite
12719J2_P2_Cleaned.jpg,165.7052897,163.0722956,156.8290986,0.173124935,74.81834952,72.27412454,69.37816758,0.213820846,105.2675204,103.0695909,99.42318597,0.29180173,131.7976961,129.840601,125.6207842,0.321252489,Diorite
10714M_P1_Cleaned_02_04.png,159.748331,157.0223706,142.8681776,0.110077445,124.7514715,123.1853458,112.8163861,0.265853659,70.98963272,70.30047415,66.70299634,0.289247726,97.1000952,96.10248002,89.10701888,0.33482117,Diorite
11828J_P2_03_02.png,87.9630994,87.04047441,84.88284962,0.173214286,131.3684852,130.5072523,126.1986108,0.242183442,172.3042361,169.872658,165.3694494,0.278018128,210.3906501,206.7063915,201.9559724,0.306584145,Diorite
11825A_P2_03_01.png,85.68814187,82.14301861,76.09827536,0.13269192,128.3599416,125.1315219,116.7429855,0.238390323,193.9350884,191.1723302,185.7516836,0.292578869,162.4064796,159.3316656,151.6928136,0.336338888,Diorite
10719Q_P2_03_04.png,94.38643406,88.55540961,80.21275608,0.158208173,197.5505663,194.633311,185.4398167,0.220149185,164.1779437,160.5530314,149.493051,0.295378957,131.0857707,126.6159687,116.5033293,0.326263684,Diorite
11828J_P2_03_03.png,91.22673773,88.71581056,81.93013569,0.178745942,195.9732876,193.112253,188.547915,0.222325487,129.2483934,127.2643292,120.409759,0.29183171,161.9901011,159.497977,153.8856559,0.307096861,Diorite
10719Q_P2_01_01.png,206.1461755,205.3100925,199.3029702,0.187234373,112.4399905,107.4021815,103.7493978,0.216402394,173.2546343,171.5248672,165.2544805,0.267830429,141.9733706,138.8241323,133.9716599,0.328532804,Diorite
11828J_P2_01_04.png,189.9971382,187.691104,184.7753872,0.172029221,93.95371169,90.62790714,85.46930311,0.198728355,155.7158527,153.2125906,148.5889237,0.288084416,124.7035632,122.5670414,117.8101732,0.341158009,Diorite
10719Q_P2_01_03.png,101.2237188,96.60220968,93.56316027,0.17045387,204.1658089,201.4232818,191.6980085,0.202431984,169.6031916,166.0639149,156.5792526,0.287964289,136.0145534,132.3238566,126.2061435,0.339149858,Diorite
11828J_P2_03_01.png,202.6522087,197.7662001,190.5684298,0.189109848,83.52993731,83.46536411,82.87373601,0.230470779,161.6786465,158.8930888,152.0488164,0.268368506,122.9205995,122.0607254,118.4026549,0.312050866,Diorite
12719J2_P2_Cleaned_02_04.png,162.1671155,159.374492,152.6448796,0.182719894,72.35347629,70.59299414,69.11262653,0.224499127,102.5076178,100.4986502,98.12118203,0.29029096,129.0343867,127.04937,122.942213,0.302490018,Diorite
11825A_P2_03_02.png,91.65486726,86.57962556,78.75683489,0.094629405,142.5780003,136.5115944,124.4932062,0.224931428,203.085911,200.0094857,195.2551059,0.339718372,176.8915574,172.8519162,165.7708482,0.340720794,Diorite
11825A_P2_03_03.png,83.58139029,80.16537855,73.90863634,0.117842983,133.4996997,130.3790255,124.5271695,0.184047757,171.5578739,168.2857894,163.0537009,0.346243741,200.7108183,197.953415,194.8223743,0.351865519,Diorite
10719Q_P2_01_02.png,98.64874868,93.48822083,89.8797798,0.146957504,203.8539015,202.614816,196.9675625,0.199018011,167.8941413,166.0295884,160.6690313,0.299737633,135.0527317,131.7347717,127.0343314,0.354286851,Diorite
11825B_P2.JPG,88.2197142,85.21767408,82.59222547,0.189960352,178.2796192,175.0237726,170.0558307,0.207754251,118.3888579,115.5293571,111.2406281,0.289492263,146.6801537,143.9054304,139.6768201,0.312793134,Diorite
11825B_P2_01_03.png,87.00370308,83.91453547,83.97748778,0.169854348,178.4930357,175.4127458,171.6881883,0.217186154,118.3338813,115.7572343,113.9428882,0.278256013,146.9441775,144.5445149,142.0315339,0.334703486,Diorite
11825B_P2_01_02.png,85.92503456,83.63213507,82.54165925,0.177815543,174.8843722,170.7479908,164.9986845,0.22017817,116.8843961,114.189791,111.4680743,0.283615521,145.3791742,142.1124891,138.2615487,0.318390767,Diorite
11825B_P2_03_04.png,173.16209,170.2391599,165.2207811,0.165982591,91.90589719,87.20788012,80.05996741,0.204565039,118.9326172,114.5350684,106.6948838,0.31285411,143.6744921,140.1344019,134.0158445,0.316598259,Diorite
11825B_P2_01_01.png,175.9649217,172.379291,166.6693817,0.181654271,91.59547165,90.34390339,90.28944878,0.205479308,118.4223384,116.7567935,114.1478822,0.300267525,145.4202571,143.1748306,139.7229487,0.312598896,Diorite
11825B_P2_03_01.png,176.7507462,174.518484,171.7102486,0.199327134,84.03408573,81.16648622,80.363728,0.200561172,116.3867674,114.245916,111.900954,0.292274803,145.1150399,143.3490865,141.5376683,0.307836891,Diorite
11825B_P2_01_04.png,84.66103236,81.81052598,80.65722169,0.189710046,179.0889221,176.526097,174.4509462,0.217057045,147.4390691,144.8947119,142.2247145,0.294703846,117.312089,114.4820774,111.7088257,0.298529063,Diorite
11825B_P2_03_03.png,92.88898255,88.51108947,82.49964808,0.183440774,179.3089497,176.483866,171.6947245,0.215735934,121.4093701,118.1239877,111.7223449,0.286946822,148.4561617,145.7307665,140.6376229,0.31387647,Diorite
11825B_P2_03_02.png,84.90156885,81.47399604,78.16305941,0.198297268,177.863486,175.0760429,171.6441963,0.217402335,116.8994453,113.6993116,109.1970287,0.278089373,146.310819,143.7760499,140.2956806,0.306211023,Diorite
10719Q_P2_02_01.png,210.9962351,210.0125233,206.6386682,0.188543921,108.4286682,102.5950598,96.93502561,0.199929548,174.8977089,172.6637796,167.0029202,0.299515753,141.9500492,138.0331905,132.3729238,0.312010778,Diorite
12719J2_P2_Cleaned_03_03.png,165.3874987,162.3687399,153.915062,0.173368877,100.3348285,98.33413754,94.45738077,0.254437923,70.83733163,69.24891943,67.41276557,0.262518828,130.5572108,128.3607601,123.0636738,0.309674373,Diorite
10714M_P1_Cleaned_03_01.png,160.7283329,158.3905428,147.2675671,0.14190366,74.55347806,73.48194871,69.45584103,0.271036987,129.5603864,127.0291396,117.0795887,0.284752081,101.6256102,99.72825845,93.22523534,0.302307272,Diorite
10714M_P1_Cleaned_01_04.png,145.3810629,142.7762794,128.0449413,0.101593882,71.2452458,70.11274856,66.71979706,0.258465889,115.4390923,113.8352272,103.5709825,0.277373952,92.86010037,91.20706136,84.57266266,0.362566278,Diorite
11825A_P2_02_04.png,83.29497584,80.62552188,77.10612422,0.109392347,135.8364202,133.1676596,128.5686366,0.252265076,206.1120609,203.4708846,200.2981109,0.309858775,173.0805901,170.4751625,166.7434156,0.328483801,Diorite
12719J2_P2_Cleaned_03_02.png,169.4160911,166.4867849,159.2751956,0.18167093,75.44572496,72.52828102,70.54656203,0.200178712,107.3737765,105.2028292,102.0955954,0.296524972,134.4470227,132.682192,128.0910195,0.321625386,Diorite
10719Q_P2_02_02.png,97.93082712,91.46032386,83.45420404,0.149978041,209.8978332,208.7974055,204.2987591,0.238474841,138.5222177,134.3945307,126.8639812,0.305625449,172.8167202,170.6961517,164.8240067,0.30592167,Diorite
10714M_P1_Cleaned_03_03.png,143.3518641,142.1587192,131.2676488,0.107310646,114.0829377,112.8024827,104.4123962,0.25677239,67.33553954,66.63448643,62.80099551,0.294061506,90.13162906,89.14989725,83.2066908,0.341855458,Diorite
12719J2_P2_Cleaned_01_04.png,156.1290074,154.0681717,147.8863332,0.146134674,70.92312579,68.47208444,66.06311578,0.220984651,98.73508109,96.85714976,93.774362,0.309157362,124.4202002,122.7157783,118.9131176,0.323723313,Diorite
10714M_P1_Cleaned_03_02.png,141.0445308,139.8390358,129.7350504,0.093653395,110.3391838,109.6322428,102.2011441,0.230977859,66.64070836,66.27575107,63.24134612,0.32023844,86.89791347,86.39228615,81.6547105,0.355130306,Diorite
12719J2_P2_Cleaned_03_01.png,171.3473377,168.9391258,162.741245,0.169941067,74.22472749,72.36712223,71.15519006,0.216331556,106.7162017,104.9563293,102.2668084,0.292140842,135.5853109,133.7634321,129.7949776,0.321586535,Diorite
11828J_P2_02_04.png,93.58534215,88.99857263,81.42458109,0.177604167,192.7698523,189.2944766,184.763206,0.205698052,160.3140148,156.9091539,150.803918,0.301356872,128.0561346,125.0892024,118.0591087,0.315340909,Diorite
10719Q_P2_02_03.png,98.54869807,93.15558002,86.2225977,0.162246611,207.1372375,204.7678292,195.9049205,0.241011588,136.5689023,132.7131191,124.7709446,0.291811727,172.2419682,169.1595876,158.9989961,0.304930074,Diorite
10714M_P1_Cleaned_01_03.png,148.180462,145.5425048,131.4535916,0.129669977,73.00915855,71.88079989,68.39059638,0.255156014,118.6967778,116.9976101,106.9863906,0.272528038,94.57455389,93.20121831,87.01044269,0.342645972,Diorite
11825A_P2_02_03.png,90.00516501,85.28044003,77.91643413,0.09608619,137.1122414,133.2311628,127.2704736,0.209809103,172.4340032,169.1950354,163.9875941,0.345405609,201.555083,198.5756296,195.2844691,0.348699098,Diorite
12719J2_P2_Cleaned_01_01.png,164.2091579,162.5219296,158.520805,0.177445191,79.27862522,75.54299414,69.45520371,0.186258278,107.5236962,105.0795806,100.4250717,0.2888774,131.7159849,130.1304613,126.80912,0.347419131,Diorite
11825A_P2_02_02.png,85.19558755,80.29949433,75.08028639,0.1335108,131.3411822,127.9062853,124.3284913,0.247281203,198.986035,196.6997518,194.896157,0.292636627,166.9650129,164.0433543,161.5336267,0.32657137,Diorite
10714M_P1_Cleaned_01_02.png,165.2760856,161.2053167,146.153548,0.151399467,78.48885855,77.25782583,73.9049076,0.264397956,133.1704644,130.6747325,120.0043739,0.271657187,105.0462051,103.3530043,96.69728776,0.31254539,Diorite
12719J2_P2_Cleaned_03_04.png,163.5704531,159.7709312,150.9122304,0.181957826,67.7622013,66.31848068,65.22616043,0.198998255,99.83483524,98.01318901,94.89828001,0.286549358,127.9932494,125.7807033,120.6853955,0.332494561,Diorite
11828J_P2_02_01.png,89.06895657,88.16500711,86.47563384,0.162357955,131.7734,130.331751,126.5055372,0.216301407,173.9729388,170.4945882,165.721267,0.301597673,206.6284709,202.2937117,198.1185263,0.319742965,Diorite
10719Q_P2_02_04.png,96.67110197,91.24004914,83.52911515,0.160313742,201.2840017,198.4163198,188.7198785,0.22689364,166.0134794,162.4988817,152.2774864,0.289078262,132.2412331,128.1496918,119.9159777,0.323714356,Diorite
11828J_P2_02_03.png,92.02898301,88.86329565,82.86460523,0.15745671,197.454238,195.3249893,192.4923686,0.230051407,129.9104379,127.6488212,122.3585295,0.293311688,163.259564,161.0162339,156.978982,0.319180195,Diorite
12719J2_P2_Cleaned_01_03.png,79.18801872,75.92988149,73.20849414,0.17459715,163.401016,161.1727307,155.9778364,0.185030005,108.1320396,105.7581817,102.7768589,0.303936453,132.599377,130.6210229,126.9710322,0.336436393,Diorite
12719J2_P2_Cleaned_01_02.png,168.1318402,165.4871494,160.5552849,0.196550673,78.60724576,75.32373786,70.44061779,0.218312932,134.9811796,132.9111804,129.160994,0.28843809,108.7884637,106.5113699,102.4640851,0.296698305,Diorite
10714M_P1_Cleaned_03_04.png,139.8202317,138.7137833,126.8776228,0.109164819,110.9809218,110.0884636,101.6283795,0.262244931,64.40181426,63.93252069,61.30781268,0.283392783,87.16406606,86.41656831,81.3432618,0.345197468,Diorite
10714M_P1_Cleaned_01_01.png,167.1281691,163.5112137,148.0205346,0.111909123,130.3147843,127.5692735,116.9938023,0.26675343,78.33507446,76.90380298,73.57051546,0.282534786,103.3853732,101.3945067,94.71793126,0.338802661,Diorite
11825A_P2_02_01.png,82.17906951,78.79682939,75.72493995,0.173573025,195.5823721,193.2921496,189.4662103,0.229806203,130.0489899,127.2958176,122.2647435,0.272629259,163.5834961,161.1021774,155.7394013,0.323991513,Diorite
11828J_P2_02_02.png,95.63113286,94.1110904,89.27540859,0.166339286,204.0559902,201.8901761,200.1369986,0.2596875,169.6902171,168.1333627,165.9277672,0.285716991,133.6413375,132.7959793,128.5582758,0.288256223,Diorite
12719J_P2_03_03.png,187.2086962,186.6242019,178.5230015,0.144922653,139.1192852,137.3720202,128.7958735,0.235142923,66.7228139,64.06559609,57.59649827,0.276851168,100.7247589,97.66576485,88.95885858,0.343083257,Gabbro
10719CC_P2_02_01.png,185.7199533,184.2404308,180.7848432,0.145791301,84.3106742,81.3738838,76.26148912,0.259541538,149.1868503,148.0198201,146.0573557,0.274273238,115.9885577,114.0898791,110.8252765,0.320393923,Gabbro
12719J_P2_03_02.png,208.249561,208.2958401,198.451206,0.217421418,157.9853888,157.554575,148.8155661,0.231026096,68.2861712,67.91560821,68.22779939,0.267223641,109.8761087,109.1956893,105.231457,0.284328845,Gabbro
10719CC_P2_02_03.png,177.1556695,174.7566208,167.950625,0.18749373,139.8473879,138.6801562,134.470198,0.23159687,77.81673732,76.32880567,72.52225816,0.271834907,107.186555,106.1764117,102.3649052,0.309074493,Gabbro
12719J_P2_01_04.png,171.9599407,173.8416434,171.9808679,0.101378467,124.8600845,125.2091117,121.1038565,0.208394351,57.75796187,56.6968925,53.81753221,0.311762834,89.08353566,88.11338697,83.79002695,0.378464347,Gabbro
10719CC_P2_02_02.png,188.8808137,186.8013712,181.8401906,0.155484712,152.8520406,151.0752227,147.1281554,0.247889102,84.4074912,81.76396203,76.33501877,0.296469018,116.8067757,114.7611683,109.8498468,0.300157168,Gabbro
12719J_P2_03_01.png,160.6654685,160.7711705,152.098423,0.208024283,113.7929968,113.1571131,110.0553629,0.254837163,71.67919883,71.45974735,73.15608125,0.261964931,207.8278525,208.3743238,199.9110489,0.275173622,Gabbro
12717B_P2.jpg,186.0703069,184.3152663,180.228807,0.111193436,154.8270466,153.0558794,150.5441952,0.265480115,109.8744443,106.4819965,103.3122451,0.27285786,131.3431282,128.8086211,126.7174652,0.35046859,Gabbro
12719J_P2_01_01.png,154.6708093,156.1995004,153.0484855,0.186560341,100.9647275,101.1769928,104.3475544,0.25093489,60.97001161,60.84446506,64.33478176,0.268346804,204.530289,205.3153847,202.4520512,0.294157966,Gabbro
12719J_P2_03_04.png,184.7619803,185.9363205,184.1085941,0.146081815,145.3301517,145.0403309,139.9895758,0.247248609,79.42502617,76.53521661,67.50290906,0.279509322,111.9327031,109.7996298,100.8701177,0.327160254,Gabbro
12719J_P2_01_03.png,170.8267603,173.9066611,169.104198,0.116260384,122.2875813,123.0222263,120.772563,0.22261245,54.05174906,53.83106221,53.85744062,0.29311832,85.75757161,85.28296941,84.44028984,0.368008847,Gabbro
12719J_P2_01_02.png,196.0299568,197.9734297,191.1363685,0.176883855,143.6071365,144.5041677,140.151002,0.202067197,57.76653758,57.25628356,58.68399039,0.301873235,94.66431977,93.97725558,93.70024177,0.319175713,Gabbro
10719CC_P2_02_04.png,173.4932109,170.1622789,161.454032,0.148392652,135.2092602,133.2011704,125.8215956,0.241209468,73.29725576,72.09170235,67.4628842,0.291560309,103.3911729,102.1805642,96.1356347,0.318837571,Gabbro
10715B_P1_Cleaned_03_01.png,151.4740876,149.8939146,135.547667,0.164132114,76.60348494,74.16662432,64.9174902,0.25732434,126.3292561,124.3835136,109.7687919,0.285173384,101.0898345,99.18055294,86.32450269,0.293370162,Gabbro
12717C_P2_02_01.png,188.0780956,185.8334312,178.9858237,0.183957614,87.54413376,84.08593703,84.26489968,0.238344139,153.8021557,151.2905542,146.8678418,0.267961171,119.7784812,117.0405347,115.0828728,0.309737075,Gabbro
10715B_P1_Cleaned_01_04.png,153.1387547,151.3481208,137.2409693,0.099675163,119.8732465,118.7887686,107.1432177,0.234478882,71.77613874,70.17789801,63.01082129,0.317819112,93.15542603,92.00608545,82.83479378,0.348026842,Gabbro
10715B_P1_Cleaned_03_02.png,155.5811663,152.1918138,136.983637,0.148504097,126.3179987,123.0253909,109.139762,0.262103782,73.19607457,70.07108841,60.69736049,0.279787029,98.35285518,94.50441362,82.21920789,0.309605093,Gabbro
12717C_P2_02_02.png,186.2178794,183.4207816,177.1922452,0.189134098,87.27854046,83.43496184,82.50188027,0.206872958,121.1578418,117.9252676,115.621745,0.296955403,153.9117442,150.9781836,146.4273363,0.30703754,Gabbro
12717B_P2_02_04.png,168.9933327,166.6307932,161.4740097,0.121190522,141.4999836,138.4543789,133.5967642,0.249537503,102.9706327,98.99265164,94.33619801,0.259900155,121.2775945,117.4906423,112.7490462,0.36937182,Gabbro
12717C_P2_02_03.png,180.729606,178.1842527,172.4544841,0.17546976,85.61551329,81.06821851,77.60086594,0.226147988,149.5504651,146.2598367,141.3210304,0.275591579,116.9660495,113.2439128,109.1378703,0.322790674,Gabbro
10715B_P1_Cleaned_03_03.png,171.8636998,167.8194251,153.8961794,0.12104127,133.5926247,130.4504479,116.8449388,0.231606389,100.5621328,98.01910873,86.45882104,0.294170184,71.7841686,69.84976804,60.60445823,0.353182157,Gabbro
10715B_P1_Cleaned_01_02.png,159.8671454,157.4728045,143.3932536,0.136679633,130.4845333,128.1850996,114.8710145,0.268383266,76.44477167,73.75995007,64.59922193,0.283787139,103.25543,100.5563871,87.73831838,0.311149963,Gabbro
10715B_P1_Cleaned.jpg,158.8989692,156.3950762,141.5931059,0.130844662,127.8757384,125.5796697,112.2416872,0.27593224,73.3078276,71.19957607,62.38227301,0.278149259,99.65895911,97.40335225,85.98180296,0.315073839,Gabbro
12717B_P2_02_01.png,194.7383782,193.7037161,189.073144,0.134990614,118.0354332,116.3980533,117.4119589,0.267343635,164.4391621,163.4327483,161.7933282,0.274622521,140.4938076,139.3937155,139.409616,0.32304323,Gabbro
10715B_P1_Cleaned_01_03.png,157.170907,154.098414,138.616657,0.136948605,128.2372283,125.7143279,112.2714443,0.269341913,75.78069698,73.71884131,64.84703055,0.272155784,101.7992543,99.43072044,87.47238889,0.321553698,Gabbro
12717C_P2_02_04.png,171.8410878,169.7389388,164.7127303,0.176844746,139.4809223,136.8459178,131.8637811,0.247338568,83.81239445,78.90373458,74.52989162,0.254405384,111.4091331,107.8714693,103.4010438,0.321411302,Gabbro
10715B_P1_Cleaned_03_04.png,158.229289,155.3977732,142.0942068,0.134941654,125.3340701,123.4080544,111.3820287,0.24129976,94.49163384,92.84585808,82.57324946,0.293787415,66.53480651,64.64028905,56.83951406,0.329971172,Gabbro
10715B_P1_Cleaned_01_01.png,161.2513955,159.5214044,144.6094084,0.164932136,91.42205267,88.14983697,78.2319138,0.208347127,114.5290954,111.6821991,99.91080017,0.309184391,135.4665824,133.1554003,120.2591458,0.317536346,Gabbro
12717B_P2_02_03.png,176.5997737,173.9895533,168.7963669,0.114205457,101.0258639,97.42948375,92.50155525,0.239331284,146.0544348,143.7715001,139.5569662,0.282644122,122.68594,119.7162089,115.815165,0.363819136,Gabbro
12717B_P2_02_02.png,189.6936109,187.7968011,183.6653919,0.12514215,110.8618391,107.7663824,105.2142922,0.254158392,158.5281458,156.7987176,154.4223013,0.266536986,133.5112133,131.1957784,129.9497713,0.354162472,Gabbro
12719J_P2_02_01.png,158.0292196,158.5030946,155.3022034,0.216602085,62.76299157,62.97524922,67.95233567,0.223669375,104.7847375,104.9381701,108.367571,0.240417471,205.8207314,205.8437197,199.4944769,0.319311069,Gabbro
10719CC_P2_03_02.png,175.4203166,173.3805264,168.6696393,0.20261835,78.91578935,76.2380515,69.85556181,0.242726807,140.6984509,138.8023707,134.3264651,0.250090567,109.8047653,107.5797828,102.1758009,0.304564277,Gabbro
10719CC_P2_03_03.png,177.4248519,175.562226,169.8874779,0.181952448,141.8923069,140.2262856,135.7769559,0.254301216,76.87547304,74.96439282,71.45933802,0.255587262,107.5117924,106.1090687,102.7963019,0.308159074,Gabbro
10719CC_P2_01_04.png,184.0109032,181.1610886,175.0607937,0.177302899,72.82408373,71.65927236,68.7650683,0.208166598,147.2166663,146.3218129,142.3529602,0.295846198,110.8086207,110.3896445,107.5750537,0.318684304,Gabbro
12719J_P2_02_02.png,197.5334075,198.7190886,191.6959021,0.182005768,141.7406493,142.2886594,138.0326883,0.220623874,52.91709842,52.68849664,53.42208602,0.264610125,92.45992921,92.09937018,91.86948148,0.332760232,Gabbro
10719CC_P2_03_01.png,182.3185114,179.7452892,175.5022965,0.133173286,147.0386984,144.7595829,140.3796703,0.224826669,113.4002572,110.6558452,105.1392015,0.310052612,83.40217596,80.42890645,73.79628629,0.331947432,Gabbro
12719J_P2_02_03.png,199.3790421,198.5731972,193.6224082,0.190633968,149.2314896,148.7573602,143.4104897,0.209146007,103.1520216,101.8128932,97.03460058,0.296070224,65.78608213,64.45426551,61.75417888,0.304149801,Gabbro
10719CC_P2_01_01.png,189.0950013,187.9920341,186.8142225,0.158715849,152.1431817,151.1718202,149.6224597,0.256389821,87.14791474,84.42586979,79.95965623,0.261897663,118.5636424,116.8256104,114.4047734,0.322996667,Gabbro
10719CC_P2_03_04.png,166.0619904,162.5449141,151.61247,0.135370571,127.1168189,123.9180476,114.2188692,0.247287182,69.76733651,67.27179469,61.45495542,0.271007268,96.80850806,93.93109196,86.47805784,0.346334979,Gabbro
10719CC_P2_01_02.png,89.63552279,87.00165483,83.49981161,0.188042703,126.7793686,125.271729,124.3066569,0.25404763,198.1636019,196.2361416,193.7861907,0.260593504,161.7149138,160.4143017,159.8735504,0.297316164,Gabbro
12719J_P2_02_04.png,182.7733514,183.9481908,181.2315595,0.118253279,138.4168383,138.5921409,133.0859783,0.222360458,69.44178082,67.63992377,61.12446743,0.301472928,101.362622,100.0685747,92.97733161,0.357913335,Gabbro
12717C_P2.jpg,184.0758623,181.3962274,175.3335471,0.166272929,86.79428634,82.30297909,79.87460688,0.236180623,152.0321517,149.0381119,144.1064847,0.281216581,119.3782406,115.8616564,112.3707544,0.316329866,Gabbro
10719CC_P2_01_03.png,185.9236186,183.7904982,178.6411064,0.180559116,82.05012055,81.17792967,79.66536826,0.245025805,148.7965985,147.8515591,144.8818666,0.25421065,114.763947,114.1904863,112.6351923,0.32020443,Gabbro
12717B_P2_03_04.png,181.3008207,179.3033963,173.8571124,0.07681258,150.9135164,148.5307925,144.2888618,0.210967979,110.4985484,106.4466774,102.2454102,0.354684822,128.538069,125.1009715,120.7788695,0.357534619,Gabbro
12719J_P2.jpg,200.3180973,200.9287787,194.7987326,0.179687804,147.355689,147.5899215,142.4629698,0.215261728,62.92570481,62.01433384,60.76112421,0.28200476,100.9401699,99.92397186,96.43848589,0.323045707,Gabbro
12717B_P2_01_01.png,190.6755817,189.8214984,187.6595193,0.106647713,160.068352,159.3597114,158.7770704,0.263088663,119.2937917,116.9614834,118.4421324,0.278247681,138.827663,137.3250091,138.158069,0.352015943,Gabbro
12717C_P2_03_03.png,179.0033809,176.3041019,169.6601771,0.193289759,79.02476601,75.43217802,73.99350506,0.203765533,145.2872213,142.2356035,136.3519383,0.28227353,112.1783217,109.0987548,105.6393439,0.320671178,Gabbro
10715B_P1_Cleaned_02_03.png,148.7008289,146.8461674,132.8249905,0.117730834,121.1993397,119.3625237,105.2510636,0.257069161,72.54295644,71.02497453,61.7286596,0.289814891,95.8234537,94.27617345,82.6411257,0.335385114,Gabbro
10715B_P1_Cleaned_02_02.png,165.202799,162.4936071,144.1711816,0.133738172,72.56507054,70.23601641,61.14768961,0.270462633,130.9814147,128.7649969,114.4215715,0.275052415,100.7266943,98.63938103,86.95501159,0.320746779,Gabbro
12717C_P2_03_02.png,88.59682097,84.81456757,84.3651128,0.201730465,188.0168273,183.5853482,174.9138874,0.204659165,123.3113788,119.5206195,116.223248,0.291071689,156.6769988,152.6828386,146.1086022,0.302538681,Gabbro
12717B_P2_01_02.png,191.3654231,190.3548263,189.9732354,0.128074925,118.9467748,116.6064135,118.0667196,0.258460973,161.7010638,160.5286528,161.278538,0.268818184,139.2909332,137.6289647,138.8415718,0.344645918,Gabbro
10715B_P1_Cleaned_02_01.png,159.6529393,157.4681704,141.8193702,0.131903639,82.30213839,78.88943546,69.40732309,0.254200116,131.4147131,128.7517245,115.4090631,0.30036001,107.2594532,104.1786897,92.61803513,0.313536235,Gabbro
12717C_P2_03_01.png,84.27234492,80.67872379,81.14690339,0.201237049,189.7384441,185.2644093,176.0736074,0.203564877,120.9714589,117.6413455,114.4521204,0.291182434,155.3352517,151.8539569,145.6161583,0.30401564,Gabbro
12717B_P2_01_03.png,181.6792567,180.2571759,178.4561492,0.094635036,109.7283689,107.1511263,107.1589935,0.261709334,152.6264854,151.1633911,150.4614806,0.272413418,130.3255303,128.2965477,128.6598482,0.371242212,Gabbro
12717C_P2_01_04.png,169.6536291,166.5901052,160.8453502,0.191435611,86.05087445,79.95962376,73.6466309,0.226929778,139.8884944,135.7480988,129.053027,0.26581207,113.5451514,108.4463079,101.5545447,0.315822541,Gabbro
12717B_P2_03_02.png,182.9429849,180.6973111,175.3930287,0.110747613,153.081836,150.9360825,146.9548212,0.271386403,108.7196219,105.2921468,100.8906419,0.282453682,129.8378407,127.028297,123.0322259,0.335412302,Gabbro
12717C_P2_03_04.png,178.9840523,176.1251567,168.9656248,0.161371215,84.76793436,80.04038879,77.70243655,0.240491048,146.9286101,143.7444695,137.5056779,0.277013714,115.3598499,111.8969265,107.7812144,0.321124024,Gabbro
10715B_P1_Cleaned_02_04.png,153.1326989,151.4197676,138.3915384,0.096792325,123.0531,121.5592829,108.9346198,0.2430136,71.36833274,70.23129601,61.18343226,0.328615962,95.01626429,93.74782573,83.36549565,0.331578112,Gabbro
12717B_P2_03_03.png,188.2124328,186.4122633,182.7768096,0.109565525,158.9755446,157.5870518,154.9890176,0.26636423,117.5920688,114.6971091,112.2302221,0.284364883,137.7904186,135.6465933,133.0424149,0.339705362,Gabbro
12717C_P2_01_01.png,185.0691176,183.6536429,178.8862572,0.175555285,91.87835599,86.60151458,83.60932119,0.21035538,124.8446862,121.1446275,118.0274159,0.304689976,156.2005238,153.5900263,149.013774,0.309399359,Gabbro
12717C_P2_01_03.png,179.7236648,178.1189727,175.4526615,0.160960034,87.35817642,82.61046411,80.23897224,0.245781566,148.6355523,146.3000397,143.6548816,0.271006098,118.116726,114.8185745,112.8226759,0.322252302,Gabbro
12717B_P2_03_01.png,190.4991831,186.9658453,175.2395496,0.122714041,157.7559384,154.6811078,147.4826966,0.257678809,110.1508392,107.0509061,102.8750251,0.284265582,132.9117747,129.717739,124.58069,0.335341568,Gabbro
12717B_P2_01_04.png,176.1920742,173.4091428,168.1442715,0.097388253,147.3740282,144.4199541,140.0780908,0.236159099,105.6744405,101.7190692,98.24612765,0.318697119,125.4587028,121.9234726,118.0875661,0.34775553,Gabbro
10719CC_P2.jpg,186.5522826,184.4272399,179.9400572,0.150765688,149.2832199,147.6844904,143.7602311,0.251626862,80.5267088,78.37063298,73.54843915,0.282145503,113.8961642,112.196174,107.9130242,0.315461946,Gabbro
12717C_P2_01_02.png,181.1501596,179.8271189,177.689475,0.184861114,86.9009842,81.81603827,79.91291776,0.220623919,149.8414813,147.5387051,145.7424399,0.28859474,118.5249508,114.893748,112.8434878,0.305920227,Gabbro