11830I_P2_01_02.png,90.9135294117633,91.66784313725522,95.47411764705846,0.12725,193.66783505154476,198.27412371134136,201.27587628865862,0.2425,132.37854287790609,134.7870639534877,138.83748183139596,0.27445,163.2964346110484,167.27818489289749,171.25845546786917,0.3558,Granodiorite
12720V_P2.JPG,85.11799702528442,86.50049578582113,87.82449181953386,0.101075,190.17276166456426,194.56473308112595,199.4177175283717,0.235925,130.28690575479501,133.31971087017052,136.636734315634,0.27115,159.1357685675964,163.27990293122144,167.63758860719136,0.39185,Granodiorite
10715M_P2_01_02.png,61.79510262873441,64.27619733525277,67.57148001440463,0.13885,104.45394736842042,108.68433235867423,112.41130604288423,0.2052,165.94289443628463,170.0872083537269,173.99200522108143,0.307675,136.12496423462142,140.45164520743978,144.6778254649501,0.348275,Granodiorite
12723M_P2_01_02.png,72.01031582288574,71.26106967148039,72.60514204094575,0.157325,123.52414709791715,125.55172795746675,129.77126716880755,0.226275,192.13070325900532,196.2679245283018,199.50703259005112,0.290275,159.31319652601653,162.6765813542397,166.86788102374888,0.326125,Granodiorite
11830I_P2_01_01.png,92.91733029958323,100.27436480849471,103.36537732271654,0.1324,133.20806581059497,138.46087479935875,141.97020465489632,0.248625,196.18731398809456,198.0532924107134,200.6071428571445,0.268875,166.27680993859786,169.55897472511748,172.63815507639535,0.3501,Granodiorite
10715M_P2_01_01.png,70.7076156879033,71.81012658227962,75.15397385349551,0.120175,116.8897637795283,119.76021747281649,123.63395200599874,0.2643,176.02686378797594,178.84584873343687,182.31326061480087,0.277325,146.91758569299512,150.22421758569246,154.29940387481417,0.3382,Granodiorite
12723M_P2_01_01.png,73.57787411689009,73.70728965960309,75.73956326268647,0.1563,124.62975206611597,127.6120110192846,132.03184573002704,0.226275,200.25039001559878,203.12740509620372,206.03570809499263,0.288475,163.45793753324733,166.8027965650887,171.17045368189042,0.32895,Granodiorite
11823H_P2_01_02.png,66.22928446090687,68.9957106648458,71.4768960811087,0.12855,117.84667346418587,123.04014784603561,127.13535559520696,0.195825,160.53116309504372,164.71846883690552,169.49272043186676,0.304525,194.0038516115946,196.6897087641043,200.5015879451335,0.3711,Granodiorite
10715L_P2_01_02.png,91.90323776569497,96.3890261987146,99.37345526445932,0.201825,164.3115834943752,170.50483119245055,173.60100034102553,0.22195,51.050994227070184,52.54008980115373,55.001282873635894,0.23435,129.7532165443063,135.3619975285315,138.3540742894533,0.341875,Granodiorite
12715C_P2_01_02.png,96.66004415010974,99.05049668874071,102.7433774834446,0.09015,179.4379693601666,187.20336437368383,191.354861319716,0.249675,129.92372221741672,135.61887053532698,140.5982876416165,0.2895,154.12997436935143,160.98414946715252,165.5307567786318,0.370675,Granodiorite
10721D_P2.JPG,70.37471264367932,67.75614500442278,67.24898320070791,0.141575,123.8268810289397,124.25260450160829,123.44591639871435,0.194575,186.179273893078,190.56780175028354,190.60488692487706,0.288525,156.68514205868723,160.64827999201572,160.54148645951207,0.375325,Granodiorite
10714Q_P2_01_01.png,68.82365895862627,73.09721566776686,75.3669970111715,0.158925,116.62171565686882,121.7996400719849,125.57552489502054,0.208375,153.15547674699712,157.48932054485326,162.22761344402312,0.3094,183.37749011704273,186.90031780482036,191.01806061545926,0.3233,Granodiorite
11823H_P2_01_01.png,73.71018455229205,74.75301891091199,77.26429710640346,0.1091,129.15330578512413,131.80440771349785,135.11432506886953,0.180525,196.4042047663654,198.40420476635998,201.41385268918015,0.349125,166.4284331351127,169.52136633937272,173.53222237588105,0.36125,Granodiorite
10715L_P2_01_01.png,105.92363963038964,110.36113963039008,113.55839322381887,0.194625,56.58319870759364,58.84192866906953,61.76252019386462,0.201125,176.4241565069475,181.1189868632453,184.60911067007208,0.264525,143.02238586156048,147.90213549337187,151.3835051546387,0.339725,Granodiorite
12715C_P2_01_01.png,92.61602439700656,91.7917937344044,94.15580815081725,0.090475,186.11777692455243,191.76626991744928,194.8831829525828,0.25985,130.14075799659588,133.92446913358913,138.33912731834,0.279,156.9876468205753,162.1485081679493,166.04097475361124,0.370675,Granodiorite
10715L_P2.jpg,98.43984245966114,103.04599161478886,106.1782492694706,0.195575,53.61878201480047,55.460102447350096,58.09789413773112,0.219275,171.6007751938006,176.81803345572953,180.15442676458275,0.2451,136.11506646971822,141.42215657311726,144.64084194977886,0.34005,Granodiorite
10714Q_P2_01_02.png,71.18118004173819,74.38873079111946,76.65623221399973,0.1316,116.62193712436334,123.52369394359707,128.19798890429846,0.216525,183.01481953629303,190.83013305712575,196.03418054338272,0.313775,151.86847552861167,159.02365813987916,164.39331657548456,0.3381,Granodiorite
11830E_P2_01_01.png,53.390471950134426,54.573315523891196,56.65138023152596,0.1686,106.65605839416095,111.05153284671587,115.27737226277321,0.1712,178.64252900412754,181.0232811648336,184.8740948376581,0.321075,145.18638072076044,148.57447122116642,152.92843982607363,0.339125,Granodiorite
12715A_P1_Cleaned_01_02.png,125.65771812080726,138.99482662192509,143.6893176733785,0.178675,45.0817242459055,49.33023692725306,51.39734891973695,0.240225,72.03445124737269,81.25879557708184,85.72329342959007,0.274125,97.35021097046497,109.9741966893875,114.98961376176607,0.306975,Granodiorite
12718B_P2_01_02.png,70.91326452010625,77.27946387305516,80.50377445693738,0.161625,120.18655462184788,127.6230812324942,131.01109243697502,0.222575,191.7090128755384,196.35416309012896,198.70918454935287,0.2927,158.9144889438685,164.58419669089284,167.41077779495924,0.3231,Granodiorite
10714H_P5.JPG,181.85926222934893,186.95028067361704,187.45295375568102,0.187225,83.04991394147874,85.53078247054196,85.52403018668156,0.188825,118.49955925955669,122.5917942142793,122.58810802147661,0.311575,148.14384110203494,153.59794970366718,154.23025788883606,0.312375,Granodiorite
11830E_P2_01_02.png,52.769353044029785,57.054840247972436,59.56461611826255,0.157325,107.20406723874517,112.36887269307728,116.94510403197425,0.21255,176.67740519662777,178.80100070224628,182.6128862359543,0.2856,143.3702389572776,146.92664735698838,151.53099203475796,0.344525,Granodiorite
12715A_P1_Cleaned_01_01.png,134.97077680035628,148.5586700462223,153.8271954674219,0.16765,76.88768188160283,85.54106039465788,90.06119194737894,0.2508,46.87675218195999,49.62752358282737,51.31023538746191,0.2831,105.74932863377005,117.37638469285145,122.37907015777108,0.29845,Granodiorite
12722T_P2.JPG,74.59810614402234,75.21052631579046,77.25787271525967,0.1137,124.68313028207731,127.1219405114702,130.81637580945994,0.22925,189.97197106690834,194.9589018576361,198.87349991780235,0.303825,158.3479763079958,161.82879706670371,165.74735580313015,0.353225,Granodiorite
12718B_P2_01_01.png,76.63218979348028,79.34084314729554,82.01501962792187,0.146775,125.14724776420101,130.94810429525097,134.057941806273,0.198175,196.86328278463188,201.8873261569897,204.055551190382,0.319025,164.3148051948052,170.57625231910916,173.54478664192965,0.336025,Granodiorite
12717B2_P2_01_02.png,113.02986798679848,117.78481848184856,120.39009900989991,0.151525,180.68659147869676,185.51578947368475,188.5993734335829,0.1995,137.05535999999967,142.0578399999996,145.347359999999,0.312475,158.25750371470994,163.2986627043084,166.5610698365519,0.3365,Granodiorite
10714H_P5_01_02.png,178.09449345095007,183.62336273723764,184.51884522854704,0.18705,82.26707034269634,84.64223138366572,84.61118268487348,0.19315,144.84871752981553,150.66492403202042,151.35696781571585,0.306625,116.48241968994732,120.8566405625695,120.82259868946741,0.313175,Granodiorite
11823H_P2.jpg,68.75804375804371,70.82217932217746,73.24924924925033,0.11665,121.5372803983953,125.52455388020508,129.22050076082363,0.180625,162.55931050124738,166.17199667347091,170.54471913510267,0.3308,194.61174573310035,196.96102674371556,200.39833355731957,0.371925,Granodiorite
12717B2_P2_01_01.png,122.47355891855003,126.70022105084162,128.99727937425482,0.147025,190.8126028090591,195.2677464254086,198.27723649247042,0.197575,147.7453824744875,152.2580753984987,155.16673694863783,0.296425,168.8021449961699,173.20962462567024,176.17361933282277,0.358975,Granodiorite
10720T_P2.jpg,72.99086185271531,75.34384518903477,78.94714208923057,0.139525,175.5809166382364,178.13772318890037,181.29637211418097,0.219825,115.35893019038909,117.94850407978356,121.30117860380726,0.27575,144.4555357632221,147.08673609208068,150.39387503425547,0.3649,Granodiorite
12717H_P2.jpg,53.4244994910093,58.65643026806731,61.05768578214918,0.147725,96.65431085043984,104.50780058650969,108.71272727272763,0.214875,163.35227722772467,167.9394059405921,171.6811881188096,0.252375,130.0511594858218,136.06149473548206,140.37768877979494,0.385025,Granodiorite
12717B2_P2.JPG,117.2162833029964,121.7651828561965,124.19725302002337,0.153025,186.4146130030968,190.98625386996878,194.03108359133145,0.201875,142.1699481011618,146.94908971084874,150.05305214597598,0.301525,163.83315142254213,168.51371607363703,171.61085643600396,0.343575,Granodiorite
12716F_P2.jpg,181.63076754865386,186.01148042860405,189.44719002842908,0.23085,109.51077656233124,114.25343875230134,115.75262644860784,0.231325,67.0618902758817,70.16311759152597,70.95730619951914,0.2377,146.32701853077486,150.84075115817234,153.58148577101215,0.300125,Granodiorite
10714H_P5_01_01.png,83.00412635173434,85.60885031303559,85.66206602162725,0.175575,183.67197727553233,188.42163764357366,188.69408422872644,0.2025,119.64361745348214,123.39132201186408,123.32591208255418,0.30675,150.27928071292223,155.36704328453297,155.89107256524463,0.315175,Granodiorite
10719R_P2.JPG,87.92118473895789,91.89273761713744,94.4954819277092,0.149275,129.66317380352757,135.51304785894334,138.6325440806038,0.24775,195.20579880497817,199.94083651680126,202.36673523361566,0.2563,164.22634989200918,169.68596112311084,172.47300215982702,0.346675,Granodiorite
11831EE_P2_01_02.png,72.61038757257259,77.92468225325489,80.59783461477976,0.159325,121.60519451060327,127.17216740387997,129.87739593966288,0.2203,191.8393216190238,197.63965381589162,201.4745170032329,0.285975,159.53331837558824,165.47206641238597,168.8513200209416,0.3344,Granodiorite
10720T_P2_01_01.png,72.74927693420253,76.72180043383808,80.65166305133901,0.1373,174.6059102674741,176.2663934426218,178.9708800690261,0.231825,115.2655540101993,118.41780250347662,121.68502549837787,0.270475,144.63992783290536,146.85941294844233,149.87752411352437,0.3604,Granodiorite
12723X_P2_Cleaned.png,73.39112388250177,79.56944444444551,84.14112388250479,0.156775,186.99999999999847,190.16367310283,193.19892231701988,0.221875,117.6757787666885,125.60466805921371,130.95050404141247,0.27585,152.72526597669622,158.45024245494696,162.82767605124053,0.3455,Granodiorite
12723X_P2_Cleaned.jpg,73.6515645371592,79.70241199478666,84.27803129074266,0.15305,187.63415472779516,190.66234957020234,193.6765616045841,0.219125,118.36855926831551,126.20845784659903,131.5014036040938,0.27535,153.60158910329224,159.25915153234897,163.58193813847987,0.352475,Granodiorite
11831EE_P2_01_01.png,73.05559926566796,72.89653815892999,74.42197744558014,0.19065,123.49908663883154,125.71751043841272,127.58924843423671,0.19135,199.17737154149975,203.74390645586294,206.6456686429504,0.30515,165.43251631386335,169.11968804711069,171.83256406175275,0.31285,Granodiorite
12718B_P2.JPG,73.31598756341144,78.07216494845198,81.08067419407432,0.1525,121.74178688325978,128.3356770517646,131.56128015517135,0.2065,194.0408472012113,198.97682936539326,201.2629986463866,0.313425,160.87799097928294,166.80628392324735,169.67747114135082,0.327575,Granodiorite
10720T_P2_01_02.png,74.48673920435229,75.04301258075427,78.41125467528241,0.147025,177.51592920353715,181.10695322376682,184.7592920353973,0.19775,116.97892095357594,119.10121288163896,122.4747804266006,0.298825,145.4015996632288,148.5784747070787,152.24612362309765,0.3564,Granodiorite
11828E_P2.jpg,75.77972865123614,76.67251928704431,78.89545091779827,0.094075,129.791161380598,131.36159048507608,134.4801772388069,0.2143,195.22093298602692,197.32157234193622,200.67108690504494,0.316725,165.27247265937615,167.40164043744977,170.71519071752496,0.3749,Granodiorite
10719R_P2_01_01.png,90.03466386554749,96.26488095238159,99.54009103641235,0.14285,130.88808312588006,137.680160190496,141.23660569325548,0.231375,197.03433932206536,200.9858394548204,203.23019736259602,0.28235,166.53883636363614,171.51752727272742,174.2104727272726,0.343425,Granodiorite
10720U_P2_01_01.png,61.3752469911998,66.70091611280786,68.66337345068992,0.139175,107.87917023096735,113.8982035928136,116.78806672369592,0.2333,172.3010936757032,175.12163575844107,177.87208749405386,0.2636,140.56494576410807,144.69950569820128,147.68371550185407,0.363925,Granodiorite
10715M_P2.jpg,65.67707335759279,67.65619613100786,71.06665389772161,0.130525,111.16495717457995,114.63466215501786,118.41958337739152,0.236425,171.5431895129759,174.8709089330646,178.55482246722977,0.287875,141.6018981380862,145.45548069260346,149.662682025646,0.345175,Granodiorite
12725D_P2.JPG,153.35337855465843,166.777589355598,169.79806939733794,0.19085,64.06463624212503,70.38734008020089,72.80723696772836,0.2613,117.31476349737174,132.47214524605783,136.11829909221262,0.26195,90.22290478279906,101.25511189118005,104.41746379991199,0.2859,Granodiorite
12717H_P2_01_02.png,51.715087599933945,57.91274026194857,60.60146283381399,0.147275,90.41438679245252,99.60990566037762,104.08903301886791,0.211375,152.35774419312494,157.48514048077857,161.40288061669412,0.247275,122.55804080598118,129.61158281586626,134.04530477759474,0.394075,Granodiorite
10719R_P2_01_02.png,86.5463422194685,88.91475511469075,91.04820210787159,0.160725,192.15936297563212,198.0210560068382,200.7293715262914,0.2339,128.38141760542266,133.26109061907968,135.96411125510988,0.2508,161.56323705952911,167.37306687380723,170.24948803050702,0.354575,Granodiorite
10720U_P2_01_02.png,61.0850668647837,64.11422734026793,65.9946136701342,0.1345,105.85278093076,111.00488081725423,114.31271282633448,0.22035,170.4480245829677,174.83643546971112,178.74916593503,0.28215,138.93770810210924,143.7124722530521,147.52594339622698,0.363,Granodiorite
11830E_P2.jpg,52.89959901295657,55.56785934608449,57.838525601479276,0.16235,106.61545526108598,111.48071372343261,115.815009183941,0.190275,177.55875162972697,179.8313233376811,183.63624511082068,0.307225,143.9130083688153,147.39884011158432,151.89884011158412,0.34015,Granodiorite
11830I_P2.JPG,92.64061028442197,96.63081559615948,100.09210774157063,0.132725,195.37445734477376,198.53488137304618,201.30338213023617,0.248125,133.54430852553952,137.32925576617933,141.1493136614069,0.26705,165.44320522838623,169.08901044256623,172.58457057611696,0.3521,Granodiorite
12717H_P2_01_01.png,54.92705593547163,58.793442048044156,60.83762931790153,0.143,102.55512256442563,108.59296040226326,112.38956631049648,0.2,168.52072982696464,172.99417508994307,176.68117183484566,0.29185,136.19600490864434,141.3442868830104,145.5969457322056,0.36515,Granodiorite
11831EE_P2.JPG,73.01825702467589,75.2585936385689,77.23734132078286,0.17575,122.18837209302295,126.29253365972997,128.62643818849398,0.204975,195.93771832666008,200.9856862912166,204.29010820482338,0.293425,162.19492432349764,167.140345512918,170.22160220149794,0.32585,Granodiorite
12723O_P2.JPG,69.02031429666684,72.5406285933312,75.58988118052753,0.130825,119.25828827909754,123.54656737733389,127.93706008364872,0.2456,187.55571455829255,192.039782484259,195.37197099789918,0.26205,153.41374077395272,158.06380630475311,162.68352072842728,0.361525,Granodiorite
11828E_P2_01_02.png,67.18833849329322,70.79334365324867,73.11790505676107,0.0969,123.9546143973874,126.66351650915709,129.8071403570169,0.214275,190.75622130949284,192.8418297495343,196.39292904888654,0.310425,160.23553118393278,162.6295586680761,165.90981765327646,0.3784,Granodiorite
12722T_P2_01_01.png,76.71343217525867,76.01836689532998,77.7687541491491,0.11335,127.28475978364628,128.38095238095258,131.56230777388998,0.235575,191.58456514265924,196.47567892746463,200.30113441044995,0.29155,160.886029411765,163.84746115427242,167.53947003329682,0.359525,Granodiorite
11828E_P2_01_01.png,86.83556866952817,84.02038626609604,86.13492489270466,0.09285,135.60469448584138,136.09649776453176,139.1143815201186,0.2008,198.2220486498566,200.30261102432712,203.46924049691535,0.336075,169.20031129457928,171.29444406848444,174.6615009812542,0.370275,Granodiorite
12722T_P2_01_02.png,73.95948169477595,75.9607157548324,78.43706293706295,0.1212,125.85421943065559,129.67966771350459,133.84682402998556,0.245475,190.0582313633604,195.19135641759766,199.14119586913188,0.288075,158.6768771827708,162.85208090803226,167.0414726426076,0.34525,Granodiorite
12715C_P2.JPG,93.75910282551635,94.42295368482252,97.39062044858679,0.085825,182.62894711584696,189.2622132642266,192.86543814185697,0.260475,129.34694974469153,134.02812863925317,138.7154886679202,0.27955,154.81001001001007,160.8872205538873,165.14467801134487,0.37415,Granodiorite
10720U_P2.jpg,60.589282368370675,64.63781150458995,66.52876147648406,0.133725,105.1910707975018,110.97172811874289,114.06219813876719,0.21255,170.77005768222224,174.4160985841624,177.7523160286654,0.28465,138.4249932120549,142.86519142003868,146.26954928047743,0.369075,Granodiorite
12716F_P2_01_01.png,111.00718629076863,115.4763957987832,116.6990602542837,0.226175,182.29135932560447,186.8391991570101,189.92866174921085,0.2365,67.98665545865119,70.25060418199331,70.60218556267881,0.237575,147.13567124204982,151.58277535989214,154.1760127217932,0.29975,Granodiorite
12720V_P2_01_02.png,83.8354151359287,84.91158461915191,86.4281165809446,0.101975,186.33547743151865,192.06842630586624,197.51569258068045,0.225425,127.7158335609567,131.26677592643117,134.93835928252705,0.2749,155.46264999685778,160.56668970283312,165.41741534208728,0.3977,Granodiorite
10721D_P2_01_01.png,71.32933743722462,67.90847237972154,67.10173335493185,0.153775,125.37563577719956,125.31844684282348,124.35715171814974,0.201575,188.08492801166207,192.16976489885505,192.13613996719397,0.274425,158.06963223364056,161.66853704705247,161.45943753380283,0.370225,Granodiorite
12723M_P2.JPG,72.66725436768495,72.46401666933998,74.15242827376304,0.156225,124.30290139615946,126.76472513088899,131.0258507853394,0.230125,196.5751409443247,200.06051797040405,203.13257575757666,0.28335,161.67283437806773,165.02839664677796,169.3245978400415,0.3303,Granodiorite
12716F_P2_01_02.png,108.27599695751412,113.40280343366307,115.12691513636952,0.230425,179.84428433164868,184.1239918270748,187.89966663082197,0.232475,66.42889741728096,70.21657504407868,71.39446115548327,0.24065,144.47988529982382,149.09825419583382,151.9922408703731,0.29645,Granodiorite
10714Q_P2.jpg,69.26821951650047,72.99241221104715,75.21651667548895,0.141825,116.06985769728452,122.07773726919967,126.25014700693819,0.2129,183.2388597384294,188.90946824340276,193.55329313180283,0.319225,152.26919837684787,158.06201669091212,163.1709670009951,0.32605,Granodiorite
12720V_P2_01_01.png,87.24914509037554,89.12921348314723,90.25940400586173,0.102325,193.85493633896823,197.22615320392546,201.63400125234676,0.23955,134.14544436146315,136.43241224794707,139.23431665422018,0.26775,163.52805534204407,166.72501921598752,170.6376505252376,0.390375,Granodiorite
12715A_P1_Cleaned.jpg,131.524865280984,144.942417244032,149.986605080831,0.1638,46.28908748823934,49.80253998118324,51.6766698024459,0.26585,74.91708449396405,84.0525533890439,88.60055710306371,0.26865,102.58678232135358,114.73110285006052,119.69062370921066,0.3017,Granodiorite
10721D_P2_01_02.png,69.43767894636274,67.75052490933463,67.60049627791456,0.13135,123.19589381456814,124.45834967961213,123.87040669543529,0.19185,184.17980376124143,188.8887980376135,189.01177432542818,0.304375,155.7612201021227,160.0397742542327,160.02055898951832,0.372425,Granodiorite
11826E_P2_02_01.png,89.42194092827019,89.82594936708765,90.72468354430356,0.047375,134.47869286818351,139.11282843894773,143.63391477147246,0.226475,182.60178502134386,187.00178502134122,190.1922390376404,0.32225,160.35486665429124,165.44557886269413,169.39607697543457,0.4039,Granite
11823G_P2_02_01.png,82.88407441016398,83.31238656987372,84.21892014519224,0.110125,121.90302459691709,125.22372602094798,130.1861833588324,0.21265,150.0592301649646,154.33479968578177,159.8960722702277,0.3181,178.2086320918892,183.19575356769985,187.92815871911205,0.359125,Granite
11826E_P2_02_02.png,93.41230769230742,96.7584615384617,97.9605128205135,0.048525,136.2830440587447,141.97227071993368,147.34384307281582,0.241875,187.001068727392,191.59306149292894,195.31469911213395,0.306025,163.85937209734328,169.67867979441434,174.43377298904,0.403575,Granite
11823G_P2_02_02.png,83.99710564399356,86.73764730204508,90.46206326235205,0.120625,120.86822519083907,125.8722328244264,132.29141221374036,0.2623,176.1025500910742,181.0841530054624,184.9203096539153,0.274625,148.2729329343935,153.45719915347027,159.47449463621166,0.34245,Granite
11826E_P2.JPG,86.62312549329174,90.44514601420641,91.7608524072607,0.06325,129.9825941071619,135.86641501520305,140.49218831917736,0.238525,180.23746006389968,184.46565495207722,187.76309904153294,0.313075,156.83217600103816,162.54825102213,166.80452982023465,0.38515,Granite
11823G_P2_02_03.png,78.78002729754185,80.18039126478499,82.2759326660613,0.110175,114.14808804138258,119.99878283801532,127.51658383203275,0.246875,173.0101685066815,179.04532248692584,184.23213248111605,0.2574,141.38050457228132,148.42836759841782,156.28296257863747,0.38555,Granite
11826E_P2_02_03.png,89.55465805061942,94.3699515347333,97.171782444803,0.0465,127.78886633187388,134.77144994123202,141.7485842504537,0.2339,175.3557743683702,181.301580032057,185.89115334707301,0.327525,152.56640948798056,160.22023847478184,166.59963017279847,0.392075,Granite
11830C_P2_03_03.png,79.69033232628443,79.7232628398806,80.63202416918347,0.08295,166.59399204521714,172.56301025748587,177.395750471006,0.23845,112.87355052457252,118.8678446530474,124.86324314375042,0.271975,138.40362630608507,145.22366318377354,151.4447449293174,0.406625,Granite
10714J_P2_02_03.png,54.65248812719263,58.90088787941255,60.83192236217097,0.12075,83.08607389362486,96.45662471240978,103.96508323183038,0.18505,123.8768848841472,141.63920559028946,151.55047811695349,0.267825,102.65439261188722,119.97655695003519,130.59886336727368,0.426375,Granite
12719I_P2_02_01.png,67.5036965605929,67.17422050787637,70.88171006107497,0.07795,123.32273537070066,126.21830889406618,131.77154995203594,0.18295,186.0233819541178,189.60463241222752,193.30499157077074,0.3405,156.04846698852583,161.1940560536713,168.34842309862654,0.3986,Granite
10714J_P2_02_02.png,56.99285868859443,61.83077256005137,63.57693140012869,0.116,140.41596783457655,155.1658816771963,160.4689259046517,0.217475,90.15574459147226,102.86704473849953,108.3289224952746,0.2384,114.26504197761241,128.5129430970147,134.8722597947766,0.428125,Granite
11825G_P2_03_01.png,72.3576663734979,75.00146584579286,76.83318674875431,0.0853,126.08923788653556,130.7719746773804,135.12369125882668,0.205325,183.50944762180512,186.4943169478007,189.97509592412888,0.346225,156.99793984342824,161.52183765966197,166.1105617360255,0.36315,Granite
11830C_P2_03_02.png,96.091559797197,93.81896808827831,95.17387414255839,0.0835,130.81183849470833,133.26822814582448,137.8890631125046,0.25415,177.00515463917642,181.57026587086122,185.79643696870937,0.27645,153.1151121221969,156.90555736106572,162.23392915177132,0.3859,Granite
11825G_P2_03_03.png,69.60047765267832,69.61651313544971,71.80928010917705,0.0732,122.4788016584185,126.63862511702513,131.88551558111476,0.186575,172.74099583871464,177.65784187114556,182.5176495910453,0.349425,148.6119202759679,154.3767727098502,160.99865848984246,0.3908,Granite
10714J_P2.jpg,53.586435937771704,57.62401678028363,59.177940919419015,0.142675,87.26128654970756,98.95649122807076,103.98210526315799,0.2141,140.15503211991285,154.37644539614604,160.3577087794428,0.232625,112.74037464152825,127.42314967356214,134.81078772347354,0.4106,Granite
12719I_P2_02_03.png,67.1359053046907,64.69508987286189,66.07562472599798,0.11375,127.99099315479893,128.26612225291302,130.99807853968906,0.208225,191.71732348111695,193.6275862068962,195.8069786535313,0.3045,162.82827673966932,164.6102739267295,167.81300649655049,0.373525,Granite
12719I_P2_02_02.png,71.04804711717115,70.07222566645892,72.29355238685608,0.08065,131.70766104935893,133.2326998924336,137.17210469702343,0.2091,200.18965386654315,202.5269256987034,205.2398697265773,0.3304,170.54183109707992,172.80314390949778,177.15956327282336,0.37985,Granite
10714J_P2_02_01.png,53.83388950685806,58.83370411568526,60.68613274008298,0.13535,88.55995229835094,100.91066782307053,106.0236339982653,0.230475,145.26596956206498,158.04493218759814,163.20457604306955,0.241925,116.12268651020729,130.3120269668636,137.19538256058027,0.39225,Granite
11825G_P2_03_02.png,80.56656017039444,83.57401490947747,87.30138445154495,0.047075,128.8185257505496,135.63961435196376,142.28533072980343,0.204725,183.4636482668308,189.17483288539583,193.96898904279502,0.3623,158.22449244340666,164.98741648829215,171.09632224168124,0.3859,Granite
11830C_P2_03_01.png,92.60691500308653,91.0172875077177,92.25005145091495,0.121775,174.90817356205872,180.4039354187678,184.44520686175485,0.247775,123.02039110813874,125.6751629617254,131.05833194049734,0.298725,147.86505842442475,151.9305691669802,157.22676215604932,0.331725,Granite
12723I_P2_02_03.png,66.58696581196759,69.0386752136734,71.06004273504425,0.1167,116.53432302712336,121.04353164415704,125.74718160509109,0.224275,177.911116825236,181.11322533641666,184.42444501585757,0.2918,148.49632503062446,152.91881039880252,158.074520212332,0.367225,Granite
11825G_P2_01_03.png,71.23365433350263,72.21338063862079,74.24632539280258,0.0494,125.55716102184682,127.39486764535877,131.1195237544795,0.2162,157.047955577991,158.95694815028483,163.13694382346569,0.346675,181.22412792571873,183.30001934360783,187.19994841704946,0.387725,Granite
11830C_P2_01_01.png,86.9054379210776,85.85129932627495,87.21462945139595,0.104075,125.60906020728939,126.59089321066621,130.08675905438537,0.21425,178.0214721495924,181.04452895967148,184.65581174233358,0.315875,152.22731620661412,154.82973490024582,159.47649631046704,0.3658,Granite
11825G_P2_01_02.png,88.28394515701079,89.76382131800129,93.38345864661625,0.05645,132.2471964307257,134.87061377065066,140.18762812010087,0.204525,181.1446489434238,183.18343558282365,187.7101567825483,0.3674,159.10686247969682,161.9459258256633,167.31835408770965,0.371625,Granite
12723I_P2_02_02.png,71.29651425984481,75.66251697600875,78.11249434133144,0.110575,119.80012107758961,125.54989405710928,131.17929573201408,0.248275,185.51544086021383,187.7199139784965,190.26219354838832,0.290825,153.26683753381778,157.6715079026052,162.61440979638343,0.350325,Granite
12719I_P2.jpg,69.20248053071903,68.533314104413,71.1217190654749,0.0866,126.37568100150743,128.73339515474578,133.25953402109698,0.21515,190.71293769008935,193.19769164782176,196.28885596194382,0.320875,160.26871312073177,163.7644367831335,169.04024398329284,0.377375,Granite
11830C_P2_01_03.png,75.68867230599302,76.88727473335926,79.07024641412424,0.13575,110.62311204776958,114.1677789486004,119.28240252897774,0.214125,165.8532923916728,171.40958717161567,176.27072671443352,0.29095,139.19500594530322,143.9901377911449,150.01363922501275,0.359175,Granite
11825G_P2.JPG,75.51250947687556,76.61561789234167,79.10386656558006,0.066025,127.8026959322427,131.6371227484184,136.54276511988581,0.211325,183.23404858012927,186.46809716025652,190.61546632674612,0.352975,157.52167182662555,161.7326692690808,166.91903351729712,0.369675,Granite
11830C_P2_01_02.png,91.33109677419382,92.87354838709717,94.50529032258055,0.096875,131.06090779775016,136.8767619293939,142.21634553213488,0.19325,159.96518094623997,166.63714032401083,171.63528653179677,0.309,184.8516734438552,191.1596496715675,193.6358461057225,0.400875,Granite
11825G_P2_01_01.png,77.53840657377681,78.20578778135065,80.81386209360528,0.070225,132.89881933003875,136.8529654036247,141.64222954420688,0.18185,165.68559157103525,169.61049593986976,174.33366888128347,0.371325,189.50479488545602,191.98668087373352,195.81206712839682,0.3766,Granite
12723I_P2_02_01.png,67.12289287656321,66.89070146818817,67.8178357803149,0.091875,123.88588888889012,126.83222222222152,132.1743333333345,0.225075,187.59109792284784,189.36091564221985,191.91021619330135,0.294325,156.85837573259457,159.4671861917953,164.19495073098543,0.388725,Granite
11826E_P2_03_03.png,81.14053156146281,87.76112956810607,89.04617940199279,0.0753,123.63495950273227,131.88519495196817,136.09738180448238,0.2654,169.0345041964572,175.6204538389812,178.85514454460616,0.322125,145.56642476303304,153.72119372037898,157.97074940758273,0.337175,Granite
11823G_P2_03_03.png,79.32605088495683,80.03124999999983,81.28954646017587,0.0905,164.2281100750532,170.8195360473045,175.99567887195693,0.22045,111.12801082544108,117.56445647271156,123.67830401443285,0.277025,136.36952438654944,143.74959103301967,150.08306573765452,0.412025,Granite
11823G_P2_03_02.png,96.52238805970092,94.5116417910452,96.15074626865672,0.08385,130.36535529124671,132.6856765273969,137.31259530344647,0.24665,176.53631578947432,181.01701754386082,185.21140350877064,0.285,152.85583598261206,156.3266722896257,161.46363459417395,0.3845,Granite
11826E_P2_03_02.png,80.68948202959962,86.511363636362,87.84936575052778,0.0947,121.95809030028182,129.67411968027534,133.7813782674447,0.23135,172.62821506042917,178.77835450882947,182.25426092345694,0.323275,147.808327402135,155.78476868327408,160.05793594306078,0.350675,Granite
11823G_P2_03_01.png,92.69598669162076,90.96215429403111,92.11374506134302,0.120525,174.34076259149953,179.88430022943334,184.0136567245695,0.228825,121.77605147520504,124.76820464532241,130.64500941619613,0.317125,146.11704528358652,150.3586580412211,155.90890627350632,0.333525,Granite
11826E_P2_03_01.png,79.03820340732992,84.37842023748182,85.34512132163287,0.0969,122.35793854817055,129.07907944668978,132.79054963887782,0.204175,177.03093906601686,181.94538455951883,184.8688357905453,0.3446,151.97363969551756,158.58958274598257,162.5226247533126,0.354325,Granite
12723I_P2.JPG,67.41149841557193,69.49004074241527,71.10955183340744,0.11045,187.70419516178347,189.3409206900052,192.1067673777673,0.2458,121.01610978520216,125.48568019092943,130.81801909307765,0.2506,154.74035221565197,158.51039481212982,163.4550193909329,0.39315,Granite
11826E_P2_01_01.png,87.56477927063226,85.75095969289919,86.01727447216895,0.052225,136.8935879945419,138.2042664020845,141.52102195212706,0.2015,184.09139669598596,186.7727240220279,189.34384609883435,0.349575,162.86351606805297,165.38733459357263,168.49924385633275,0.3967,Granite
11823G_P2_01_01.png,86.70738195522125,85.79937929505752,87.32054976723501,0.113125,123.25075766079206,124.55528117633791,128.10046020877857,0.223475,176.98104993598042,179.80887750747064,182.93401621852206,0.292275,149.91274806592676,152.61560713084387,157.30750084090184,0.371125,Granite
11823G_P2_01_03.png,76.95849546044086,78.01760237168989,79.70743005373444,0.134675,114.36512166859815,118.37833140208645,124.10475086906085,0.21455,168.40814892869602,173.44116613979838,178.1228486125761,0.2847,142.28899554336624,147.2278368186492,153.21666095303365,0.366075,Granite
11826E_P2_01_03.png,96.41309359151622,98.84001844167793,101.4891655140616,0.054125,130.28503537860286,134.84380610412896,140.16527616432552,0.236825,175.08194622279015,179.5041613316262,183.134122919334,0.31255,154.29087356611632,159.3920963065674,163.83366948191085,0.3965,Granite
11826E_P2_01_02.png,102.80692167577412,103.68397085610167,104.67213114753997,0.054825,140.93501936108453,143.49152952565316,147.1611810261365,0.206675,186.0187872923732,188.4574262215762,191.12667311723868,0.31005,165.32897654335392,168.27336912125077,171.59166763916437,0.42845,Granite
11823G_P2_01_02.png,92.81535119478687,95.44919140719372,98.1001689596907,0.103875,130.03209846747896,135.4263303970081,140.65693254494943,0.207225,158.0881870385562,164.5429860541426,169.77579983593142,0.304,183.97925877763436,190.1980494148242,192.75058517555377,0.3849,Granite
10714J_P2_03_01.png,56.51071428571536,63.18591269841329,65.89702380952386,0.126275,92.77498489425933,105.57087613293011,109.84882175226592,0.207225,151.33481033178597,163.920782448936,169.84967037717502,0.230675,120.59872648003646,135.78631252868277,143.01474300137684,0.435825,Granite
12719I_P2_03_02.png,73.75722222222225,70.64388888888966,71.80555555555681,0.090075,131.7372691991054,132.87639656591728,136.2426202516755,0.212375,193.97324179209667,196.85230173400416,199.42549071384767,0.284425,165.01590469279188,167.70391872278628,171.93160377358456,0.413125,Granite
12723I_P2_01_02.png,59.77222326630405,60.8316105995103,61.46307085134276,0.1334,112.56207854026232,115.68874785138239,120.15853497289508,0.19015,148.33653136531373,151.13099630996336,156.48258302583068,0.33805,180.9317411175004,182.48201385817345,185.74509803921433,0.3384,Granite
11825G_P2_02_02.png,74.58213616489701,75.58869456589544,78.40068707058052,0.08005,129.7150182427767,132.81155704565543,137.68819643033194,0.253525,159.61020670856377,163.25289619141358,168.07268872567548,0.330175,185.5630483271392,189.51598513011012,193.83613382899645,0.33625,Granite
11830C_P2_02_01.png,83.01808485972673,83.08022258288901,83.83399026199844,0.10815,122.73774784885819,125.52961715924562,129.94201271979173,0.201425,150.59328503544427,154.47978499649463,159.5579964166081,0.322125,178.3892522419272,183.28858472119308,187.95684714449627,0.3683,Granite
11825G_P2_02_03.png,77.42677222022213,77.4188557034893,79.3731558114423,0.06965,126.31967850661044,129.58024371272904,134.08892921960023,0.192675,153.8276242332345,157.46798538837976,162.22661796126542,0.362775,177.10868115748576,180.1331510868095,184.323909854646,0.3749,Granite
12723I_P2_01_03.png,69.49241104752286,68.87633739736323,69.67728290619613,0.100325,120.73015003832975,123.42854013799202,127.97897273025882,0.226575,179.01586779577258,181.36158842390935,184.29729507522904,0.306275,150.49397426295323,153.91100973650182,159.03751617076313,0.366825,Granite
12719I_P2_03_03.png,68.40373926225287,64.25138959070257,64.57049014653667,0.0992,124.72119380430611,125.02304495655409,128.0593124291653,0.1988,189.36367586356636,191.642479542328,194.60540227387668,0.345225,158.72830954380078,161.02861740834,165.55107752588913,0.356775,Granite
10714J_P2_03_02.png,84.15428489947263,95.19549408241775,98.27178097818275,0.174975,140.04030001119315,153.72573603492768,159.4885256912581,0.224875,48.71048360921672,53.682029644056236,54.50816834361264,0.23105,112.7899534130045,127.453919384242,134.0259266761197,0.3691,Granite
12719I_P2_03_01.png,65.01666132649765,65.21563601409744,68.76065363665474,0.077975,118.8831426570162,123.00945598879231,128.72834461825846,0.2143,178.91715481171317,184.34895397489475,189.5542791936078,0.32895,149.56876318565426,156.3258834388182,163.87592299578117,0.378775,Granite
12723I_P2_01_01.png,78.89021633839279,77.40071036487038,79.08298353245127,0.0775,135.3082274652156,137.62371445856024,143.0513208308132,0.2479,210.7341927562928,209.46610541085576,211.47443655178193,0.28525,171.55294570658438,173.6686561417015,178.1656398408424,0.38935,Granite
11825G_P2_02_01.png,77.2044520547947,79.51883561643805,82.11095890411032,0.07305,128.6833241607045,133.09400110071516,138.053494771602,0.227075,160.24832214765112,164.19224940463317,169.0833513747561,0.3476,187.91017116989826,190.23836469090276,194.04314613099592,0.352275,Granite
11830C_P2_02_02.png,81.29428508867896,84.1559010291211,87.28771622509404,0.114675,116.72601456815781,121.8283038501553,128.00946930281043,0.23975,175.04835506432832,180.17710042310583,184.39633883084474,0.29005,145.46376913354882,150.74856059542188,156.92192107850045,0.355525,Granite
11823G_P2.jpg,84.55301314000887,85.27956502039034,87.35183507023218,0.110425,120.8044109112012,125.1153027664937,130.75498162120394,0.25835,176.8175818131816,181.91319094325695,185.88101567513203,0.27305,148.05683799428115,153.0079503452129,158.79266336564578,0.358175,Granite
11830C_P2_02_03.png,79.59841269841078,80.90158730158805,83.28452380952449,0.12595,175.62874743326276,181.18264887063674,186.12628336755668,0.2427,116.53648471206043,122.26767960983,129.6004501969618,0.267125,143.93522461876634,150.52596510509747,157.83885149058992,0.364225,Granite
10714J_P2_03_03.png,49.5595563414239,54.23163478540307,56.199003375663615,0.15555,132.5960372455612,147.0651797314843,153.19413165872726,0.230925,81.55849462365617,93.04612903225724,97.47139784946282,0.232425,107.68608541625665,121.9916027028791,127.86360952568441,0.3811,Granite
11830C_P2.jpg,84.17148666967921,84.80614550384178,86.76028016267468,0.111,121.53292120498485,125.55019134530589,130.96359532921164,0.254375,177.43994661921695,182.56761565836274,186.5411921708182,0.2812,148.9437884465814,153.8216078625466,159.52732800678743,0.353425,Granite
12719I_P2_01_01.png,71.35620915032823,73.35204991087164,77.39809863339123,0.08415,123.77675002854876,127.2693844924059,131.94415895854758,0.218925,186.86773858921302,189.0911381149945,192.23162418494155,0.33625,157.06543355816675,160.4855017036369,165.0919963841183,0.360675,Granite
12723I_P2_03_01.png,68.94643711143178,69.54208512673188,71.03491152558588,0.104775,117.02441664662118,121.17524657204723,126.42494587442977,0.209175,175.37306525038116,178.73907435508121,182.6012139605459,0.327975,146.1734152471375,150.8954900865681,156.96488411058348,0.358075,Granite
10714J_P2_01_02.png,53.65285871790963,55.18317845330001,56.021578201289586,0.15865,88.16037850297188,97.53876016013612,101.92308625500368,0.205525,142.13924304788816,155.90603353077026,161.21995783555653,0.250375,114.02738395805,127.66155240499799,135.09257460995568,0.38545,Granite
10714J_P2_01_03.png,57.30836721592007,58.4714316285038,59.56601754761394,0.11715,88.17914468514951,98.3592995846895,103.18958356717881,0.222575,137.11465245295176,151.1787229413681,156.27270749483267,0.230075,111.71291727140814,125.91280116110251,133.16342525399105,0.4302,Granite
12719I_P2_01_02.png,71.5366257872066,74.27146171693765,79.08054358634446,0.075475,128.64974566594006,132.63438181251908,139.47659088549727,0.24325,191.56280574404468,193.0381095155434,196.76408395139754,0.3163,160.613654946852,164.23596347778727,170.9131234668847,0.364975,Granite
12723I_P2_03_02.png,61.35336589509764,67.01104268422338,69.41112762794552,0.11785,114.94250910746793,121.31716757741424,127.30259562841515,0.220325,178.24175732217662,180.50435146443482,183.28410041841133,0.297075,148.00075565020333,152.48347873875161,157.80153877859433,0.36475,Granite
10714J_P2_01_01.png,57.463444354183196,60.290211210399065,61.752843216897105,0.123425,90.62378875969046,100.77470930232488,104.90927810077459,0.206125,138.7057039428621,153.49564621857036,160.19254476078635,0.256025,114.52665823242405,128.7762515814199,136.62106150972895,0.414425,Granite
12723I_P2_03_03.png,66.17720670391164,70.3349720670396,72.35486033519636,0.112025,111.03097137494167,117.44169404035587,122.50750821210691,0.214575,169.07539257673224,173.00000000000128,176.10876159885893,0.279575,139.6353447730005,145.84708415120585,151.5542962071798,0.393825,Granite
12719I_P2_01_03.png,68.83367496339649,70.12210834553524,73.90336749633965,0.0854,125.54645937082495,127.35442730474949,131.14271832867712,0.2065,160.03127017141202,162.60546510793915,167.30933084702045,0.3476,190.08564091886947,192.11298493996932,194.93122354084264,0.3605,Granite
11825B_P2_02_04.png,84.71706374758583,89.60283322601293,93.97501609787437,0.194475,173.849808978034,181.50776026742892,186.28259312320847,0.2094,142.8335872693414,149.9566615879466,154.09404096834203,0.2952,113.94055624740515,120.66799501868003,124.66567040265606,0.300925,Diorite
10714M_P1_Cleaned.jpg,139.24044654358008,152.4319450407895,155.15714899098407,0.11695,110.20818122250228,119.73340821866519,121.4519329776285,0.2672,66.29792189179406,69.6792368326746,70.43676101755767,0.278925,87.42297147091512,93.47699147832533,94.63512412004411,0.336925,Diorite
11825B_P2_02_02.png,167.03941684665276,173.5415766738672,177.11973542116715,0.185675,85.10447100486992,88.11553784860723,90.85225763612308,0.224925,112.7295767287933,117.31405678453194,119.82520466817569,0.287875,138.5565678317049,143.59143614377965,146.29708464469098,0.301525,Diorite
10719Q_P2.JPG,88.22933374460348,94.80536705737055,100.48442319555859,0.1621,196.8598927875259,203.91069688109002,205.80799220272877,0.205925,159.7329305636021,167.87850699329587,170.8229744268817,0.30345,125.68521739130526,132.87251417769278,136.84635160680673,0.328525,Diorite
11825A_P2.JPG,79.88728200765716,84.33262441514101,88.07592513823809,0.1167,127.69180399432575,133.03525046382057,136.50158245116293,0.228325,194.85273944968978,197.8412813685129,200.70015331235163,0.311325,164.2281327317715,168.5560326007851,171.7318439819535,0.34365,Diorite
11825B_P2_02_03.png,88.34069125762392,92.27635782747606,95.66555329654423,0.17305,173.29291229459432,179.29103147891456,182.45218768560792,0.25055,118.240251218598,123.58914510686229,126.6666666666657,0.2658,145.08255022683056,150.42060920285132,153.671095268956,0.3106,Diorite
11825B_P2_02_01.png,162.98488176767006,168.97764569065885,172.08554076753973,0.193075,81.9077691958199,83.5138573375749,84.88016810540532,0.220375,134.27022389980252,138.31500386034085,140.46572874667575,0.291225,107.26389830508457,110.86440677966047,112.64508474576272,0.295325,Diorite
11828J_P2.JPG,84.9344405594413,89.43968531468335,91.79166666666565,0.1716,194.16657287563424,197.63286437816336,200.86910523353856,0.222125,158.18816617708725,162.65362987830397,165.26605119597144,0.297875,123.01710440985639,128.174367704279,130.16845006485042,0.3084,Diorite
10714M_P1_Cleaned_02_02.png,134.92744775768884,148.40432026297174,150.04860295844048,0.10595,108.15207920792001,116.95504950495078,118.16881188118879,0.25205,64.8035140010971,68.38857949643005,68.91199309749717,0.319925,85.09633881476913,90.90622091219362,91.6407074154516,0.322075,Diorite
11825A_P2_01_02.png,88.46910299003206,90.63167220376464,93.69789590254713,0.112875,135.36125113092947,137.52875791650402,140.722890009048,0.192475,200.28748806112534,201.51854504934815,204.81701687360825,0.3141,170.5428740779764,172.02996575342425,175.06724183350886,0.38055,Diorite
11828J_P2_01_01.png,93.60141139571239,95.71876633559984,97.40825927861965,0.19115,195.1214832254251,197.61836374338023,200.46474396703988,0.21285,128.5748548992841,131.74641515875632,133.1474906111294,0.29305,162.3003213314668,165.18933838675034,167.36120952459353,0.30295,Diorite
11828J_P2_03_04.png,82.39999999999908,91.21436552274565,94.37398244213846,0.156625,184.48976478067345,190.0844246662434,194.11913541004407,0.196875,150.3145092571078,157.88783019598728,161.50724300875316,0.322475,119.86050459069553,128.2978165265023,131.345806650721,0.324025,Diorite
10719Q_P2_03_03.png,89.2256089263859,98.66811811130904,104.59531909103205,0.183525,195.9352027283073,203.227485158521,205.83301755715456,0.19735,158.4996738421388,167.4284083496423,170.9862198303983,0.307175,126.18235765837926,134.81331194867795,139.11218925421076,0.31195,Diorite
12719J2_P2_Cleaned_02_01.png,156.31335377752882,160.90702536938954,163.257039308615,0.17935,70.89008646215682,75.95297879900481,79.31386947767473,0.211075,99.40834562331847,104.3644486856954,106.9757959573172,0.288,125.55561605475954,129.50046670815294,131.72417548226457,0.321575,Diorite
10719Q_P2_03_02.png,99.03730587440909,106.78359216745336,112.88639432815563,0.1487,199.8705134029994,205.82133121308382,207.768287142207,0.220925,134.64921552435914,141.6956234516919,145.7675474814194,0.30215,165.42706275642016,172.86050752165255,176.2751861419231,0.328225,Diorite
11825A_P2_01_03.png,84.10633851869005,86.24843278384068,89.76526584629575,0.107675,132.20511190234072,134.01780264496483,137.16085961342884,0.196525,168.20673846601696,169.41245815747382,172.314583030127,0.340975,194.15205508624862,194.50393980265477,197.06183005607764,0.354825,Diorite
10714M_P1_Cleaned_02_03.png,145.8315239244085,159.13550462404365,162.39927623643123,0.124675,114.63807242237289,125.53404588593038,127.64019165207772,0.27195,90.0173271430939,97.09981760901981,98.22790581993016,0.30105,64.8297415572642,68.36148955494815,68.7863925357141,0.302325,Diorite
11825A_P2_01_01.png,91.54587796925996,91.60340009315485,94.30181648812136,0.10755,133.97677793904288,135.7894181290418,138.67621058186967,0.189275,199.94731228668937,201.17477246871627,203.60523321956657,0.351175,170.13133755244257,172.03982080637127,174.96288131977553,0.352,Diorite
10714M_P1_Cleaned_02_01.png,136.73853524982889,146.9905886379189,148.9873374401105,0.1469,110.45119669063372,118.4926622673106,119.90741652713558,0.253025,68.66629547141801,71.98422420192935,72.8697104677071,0.269625,88.45467604143077,93.98699629545663,94.99644666213086,0.33045,Diorite
11828J_P2_01_02.png,83.33548877900482,89.31475846329428,92.51521491061328,0.13125,190.53708066868785,190.99831706496192,193.26736227981695,0.2229,156.75593246712836,158.39562747996575,160.58873414767038,0.32235,124.57891491985309,128.49668618988807,130.7809032059194,0.3235,Diorite
12719J2_P2_Cleaned_02_02.png,160.56701197798733,167.5192618970541,170.40433797345474,0.15475,70.97654867256749,75.64402654867322,79.40353982301002,0.226025,101.01193022873092,105.71885798913954,108.57643574131934,0.303825,127.74382324992108,132.70169464681607,134.84946151409508,0.3154,Diorite
11825A_P2_03_04.png,72.62296180477803,77.72637927183463,81.72771945499315,0.112425,122.1688278341246,128.75208627551683,133.0071896263973,0.194225,189.47289992695187,196.63856829802864,200.5480642804972,0.34395,161.37425234975805,169.62368271147844,173.98120193677073,0.3494,Diorite
12719J2_P2_Cleaned_02_03.png,157.1969993476854,163.6839530332699,166.65688193085504,0.1534,68.8405638595226,71.72062218981856,73.91444890023106,0.205725,100.590662235551,103.78754964740219,105.54129853286884,0.3084,126.3870094722603,130.36220117275698,132.01526086302917,0.332475,Diorite
10719Q_P2_03_01.png,89.34416860153465,98.46597606715468,105.90480442936146,0.139975,200.63074588030955,207.40340416305173,209.531656548133,0.2297,129.18003025718605,137.772434110997,142.27542001751735,0.314725,164.40299572039982,171.97566967823775,174.86107148518025,0.3156,Diorite
10719Q_P2_01_04.png,80.43556874915453,85.1948454999325,90.21036297395692,0.18625,182.99079212916024,192.4558526740661,194.34170030272384,0.197575,144.49284482758574,154.32206896551727,157.41948275862111,0.289625,114.78791822984351,121.85085368654777,125.97963402496052,0.32655,Diorite
11828J_P2_01_03.png,87.27230825958594,92.75995575221157,97.07595870206491,0.1358,195.7415984489424,197.48728996122244,200.62020680740977,0.2323,159.46273266004462,162.91595025457008,165.74977046991083,0.299325,125.32138832544516,129.33769063180756,131.87040793328927,0.332575,Diorite
11825A_P2_01_04.png,93.94467829224286,97.32050511124433,101.40619362597576,0.082925,133.66843687374765,138.06843687374766,141.7146292585159,0.249325,188.1183701538721,190.0487406515936,192.93690363620541,0.29075,161.60374477126314,164.84894761304028,167.999535223425,0.377,Diorite
12719J2_P2_Cleaned.jpg,156.00808926080958,162.22956764295714,164.87810320780937,0.178875,68.86308068459766,71.68606356968232,74.23850855745626,0.2045,98.1265944434731,101.77206010833517,103.99047702254,0.287075,124.57111481369218,128.74538018782263,130.70327173583695,0.32955,Diorite
10714M_P1_Cleaned_02_04.png,141.8001319261221,155.946350043976,158.64709762532885,0.113975,111.80310547592828,122.11953325983151,123.6475560455708,0.27205,66.51485413506998,70.00722633598076,70.67231688821343,0.28025,88.28190732839226,95.17950445392623,96.17164458417567,0.333725,Diorite
11828J_P2_03_02.png,85.51259196377984,87.71363893605243,88.60950764006473,0.17705,126.52598687636602,130.8797000312485,131.76429538589693,0.24135,165.2410009973706,169.6985220781579,172.11850575754852,0.274275,201.62892212648413,206.37928792066617,210.07917411802563,0.307325,Diorite
11825A_P2_03_01.png,76.58953574060301,82.7148120854842,86.25276344878247,0.13605,117.3442879499209,125.73761085028562,128.9433489827863,0.239425,185.44487113841802,190.88991295443043,193.65002560163722,0.29275,151.70186148164936,159.3155475167676,162.399502600045,0.331775,Diorite
10719Q_P2_03_04.png,81.11475162313047,89.57058734712358,95.4070662841614,0.1643,185.3492410303569,194.53288868445253,197.44399724010987,0.218,149.6277037916708,160.69259479175494,164.32750869454645,0.2942,117.0557710207886,127.15366118523107,131.5763264039727,0.3235,Diorite
11828J_P2_03_03.png,81.58456040028466,88.36954967834015,90.90507505361145,0.174875,188.17561960300395,192.73511270606542,195.62251878434674,0.222925,119.69793734357388,126.59497712954096,128.57840683524586,0.289675,153.4057275417962,159.01647868170505,161.49356051515826,0.312525,Diorite
10719Q_P2_01_01.png,199.40796087487948,205.3822850156219,206.20010868088534,0.185075,104.45149045439155,108.0775929440651,113.07960254549474,0.221225,165.5630140871697,171.86139737165476,173.5730358324663,0.264625,134.4270125906138,139.33651278138043,142.45845097291073,0.329075,Diorite
11828J_P2_01_04.png,183.91501976284763,186.80604178430417,189.12577639751615,0.17635,85.5108847867618,90.63577339274501,93.9624443029922,0.19645,147.4712171756047,152.1638867504912,154.65956718843609,0.293025,117.21765145848865,121.95848915482358,124.10635751682928,0.334175,Diorite
10719Q_P2_01_03.png,94.23388241976619,97.33285998295726,101.93410962794779,0.176075,191.79348377281852,201.4846602434055,204.22540567951438,0.19715,157.12398356212364,166.74591238961182,170.2725365043289,0.285525,126.85278368664328,132.98738355460887,136.67050539133083,0.34125,Diorite
11828J_P2_03_01.png,191.03483941208498,198.14874795862718,203.03579205225705,0.183525,83.31605723370467,83.99682034976047,84.05638579755943,0.23575,152.73895053601692,159.69870227571855,162.55755125070567,0.266125,118.95382659143324,122.63458634665749,123.54184216800486,0.3146,Diorite
12719J2_P2_Cleaned_02_04.png,152.94583451805707,159.69903326698906,162.45464884845052,0.1761,69.76284584980449,71.29622903536016,73.06954385215255,0.23405,123.74927560934107,127.96642236236535,129.98713141298845,0.2931,99.30140678965529,101.72799258697688,103.72512846432458,0.29675,Diorite
11825A_P2_03_02.png,78.76775738228261,86.66134610268708,91.72439478584826,0.094075,124.14149354295353,136.1732734418876,142.25974171813561,0.222875,165.11126760563394,172.21489992587092,176.26886582653776,0.337425,194.664885165392,199.46547739419313,202.56861187346757,0.345625,Diorite
11825A_P2_03_03.png,74.23834413548103,80.50156805352403,83.92996027597913,0.119575,124.97613268608313,130.78735167205957,133.90695792880354,0.1854,163.20356882738574,168.39839766933753,171.65586307356153,0.34545,194.7221235164521,197.87165091322703,200.62611043991376,0.349575,Diorite
10719Q_P2_01_02.png,90.15079764903444,93.78874895046152,98.96943744752188,0.148875,196.46789105447195,202.15229885057528,203.4076711644165,0.2001,160.2543232457602,165.5700864649145,167.4142001995335,0.3007,126.98551345179574,131.692856633125,135.00478127452965,0.350325,Diorite
11825B_P2.JPG,82.65746367239014,85.30911492734637,88.32258916776523,0.189675,169.9618515368719,174.95577694083505,178.18211638925777,0.20575,111.25903717663118,115.54976871680712,118.43249957169681,0.291425,139.74363273453037,143.93453093812408,146.721037924151,0.31315,Diorite
11825B_P2_01_03.png,84.37467248908185,84.32867540029162,87.39097525472893,0.17245,171.54179243092486,175.29742280009364,178.37125609472727,0.2153,114.13593974175082,115.98287302725913,118.53676470588246,0.280175,142.05237952708808,144.5681682131097,146.9803202633943,0.332075,Diorite
11825B_P2_01_02.png,82.96414835164848,84.1295329670349,86.43956043956032,0.1814,164.61655576857984,170.31904815608635,174.4417503101383,0.2207,111.65288298725709,114.42233312539047,117.12628108011798,0.28085,138.05169411019742,141.87531665611164,145.15001583280545,0.31705,Diorite
11825B_P2_03_04.png,164.90608564988702,169.94019534184903,172.86040570999293,0.1662,80.3365800865798,87.55615680615752,92.25733525733561,0.2079,133.99188027384147,140.07013214456288,143.60587486069082,0.3127,106.93254191064383,114.75142375872332,119.1411726959175,0.3132,Diorite
11825B_P2_01_01.png,166.452648915728,172.1478177326387,175.715207246774,0.181875,90.36207526488789,90.42686639873413,91.69297284130982,0.2056,114.12121212121234,116.75166500166506,118.3968531468526,0.300275,139.5262989352334,142.9913537747176,145.26018733488058,0.31225,Diorite
11825B_P2_03_01.png,80.03552330022902,80.85141329258867,83.71695951107696,0.196375,171.49825174825156,174.3276723276713,176.55956543456523,0.200125,111.39263751281158,113.71404168090271,115.8770071745813,0.2939,141.2181013676587,143.02606596942962,144.78222043443265,0.3096,Diorite
11825B_P2_01_04.png,80.20043543339125,81.33746087903229,84.1700911688668,0.18525,173.9250452898558,175.99094202898692,178.54223278985538,0.2208,110.84785906945446,113.5581591368838,116.39295347269078,0.295075,141.34922626516155,144.06273525721383,146.6414889167715,0.298875,Diorite
11825B_P2_03_03.png,83.01195377872092,89.05312790543154,93.44879798113917,0.18915,171.58583967232153,176.3722644821525,179.18537156231673,0.213625,112.2169852114499,118.56931592147296,121.82279685202761,0.2878,140.87349348863538,145.96287308905536,148.6869691822369,0.309425,Diorite
11825B_P2_03_02.png,78.46707997520372,81.80657160570416,85.2250464972096,0.19985,171.26719124187713,174.6684912760867,177.48466187706524,0.219225,109.396156622159,113.86124142908741,117.05332010104625,0.27825,140.1027975500753,143.6186061910284,146.14964409865883,0.302675,Diorite
10719Q_P2_02_01.png,96.12001563721893,101.80349231170061,107.6656241855596,0.19295,205.81034928848845,209.2954721862861,210.2624838292347,0.193,165.85141683778232,171.51802874743413,173.7926899383975,0.303775,131.17575074470656,136.77876177441522,140.74221077207838,0.310275,Diorite
12719J2_P2_Cleaned_03_03.png,153.56547874624425,162.01488478603252,165.05309861170744,0.173875,94.72275752458508,98.62590642693911,100.65074004172062,0.25205,67.74247961765779,69.62084153312958,71.2142254709033,0.2667,122.94354378818716,128.20969450101785,130.3703462321783,0.307375,Diorite
10714M_P1_Cleaned_03_01.png,146.84688995215242,157.95073542442043,160.30444798865778,0.141075,69.94866031289243,73.99037942816156,75.06473655817149,0.27755,117.0135291499784,126.99234534935505,129.52897196261742,0.2821,93.49833333333379,100.08024999999957,102.01775000000018,0.299275,Diorite
10714M_P1_Cleaned_01_04.png,126.36291058394136,140.96624087591164,143.49201642335774,0.109025,66.7306240063583,70.04660174880671,71.1365262321151,0.25115,102.45200464327178,112.63773551209866,114.23135994285198,0.28055,84.05155716574968,90.54755103462716,92.22120810980248,0.359275,Diorite
11825A_P2_02_04.png,76.46602170835436,79.87494100991111,82.53916941953533,0.1065,127.18836876533133,131.7505110384309,134.4248773507758,0.24405,199.41769993800466,202.62135771853627,205.2678239305611,0.3226,165.1993269083674,169.00665442863718,171.60631788282117,0.32685,Diorite
12719J2_P2_Cleaned_03_02.png,158.7483783783764,165.90621621621636,168.8260810810799,0.18465,70.40744021257547,72.41199544476794,75.33961786663185,0.198125,101.78711318355207,104.86918185671946,107.05892327257365,0.294375,127.58099519454285,132.150441791971,133.90241822973238,0.32285,Diorite
10719Q_P2_02_02.png,82.67491777739174,90.72217413882788,97.26501644451994,0.1447,204.04417501317647,208.5488666315259,209.64997364259128,0.237525,125.96015644096778,133.49661859366086,137.66870365843735,0.30645,164.36381869233855,170.26425992779724,172.39382270357066,0.311325,Diorite
10714M_P1_Cleaned_03_03.png,130.37428766811144,141.20355596079344,142.42375199452928,0.1101,103.74720185256733,112.08143573909675,113.35777692010817,0.259475,62.865189603751475,66.69331060928974,67.38841073711066,0.293125,82.89425780671895,88.80235311528774,89.79717330176113,0.3373,Diorite
12719J2_P2_Cleaned_01_04.png,148.46217879116898,154.77180600796308,156.83315237061169,0.13835,66.53206047897612,68.92197329213185,71.37843505131902,0.226525,119.67972514019371,123.50359371297755,125.1933496564246,0.3166,94.56602885821869,97.69557716436697,99.5582653701384,0.318525,Diorite
10714M_P1_Cleaned_03_02.png,128.54397730203834,138.62677327830718,139.82512251741028,0.096625,101.40240498174812,108.80609834657432,109.50289886192843,0.233025,63.178379677860384,66.19777225739142,66.56607099927793,0.312,81.17090020935078,85.84445219818593,86.34445219818576,0.35835,Diorite
12719J2_P2_Cleaned_03_01.png,163.02886534623138,169.29448794718252,171.72531859358048,0.16375,72.03091989436722,73.29027288732394,75.14205545774489,0.227025,103.62608987256856,106.35043594902781,108.0985915492955,0.29655,130.5821505893679,134.6450966241686,136.47951246892808,0.312675,Diorite
11828J_P2_02_04.png,81.76770341571938,89.32463204665562,93.88530963621338,0.1794,184.48726655348236,189.03468348290278,192.52534562212148,0.205875,150.78877005347542,156.85294117647123,160.2404745989299,0.299475,118.08471074380112,125.15495867768692,128.1140336935785,0.31525,Diorite
10719Q_P2_02_03.png,86.09460503941878,93.02597001081979,98.47828103261878,0.1627,196.06386803425997,204.86422755630633,207.21920270699172,0.2369,124.91035236733666,132.87334959212913,136.68059877218036,0.2963,159.43265205614384,169.64031847656602,172.73003365345102,0.3041,Diorite
10714M_P1_Cleaned_01_03.png,130.50316337923294,144.54224041682116,147.19575735020555,0.1341,68.57487447080744,72.05099931081989,73.18922910308294,0.254775,106.19063999275829,116.06825382456685,117.74861953471546,0.275325,86.6745641484131,92.84808523319869,94.20712263448013,0.3358,Diorite
11825A_P2_02_03.png,77.7476979742198,85.07550644567117,89.81373322810043,0.0952,127.07207421503402,133.06279733587104,136.94469552806896,0.210425,163.74463145676128,168.9076465467205,172.14603888566435,0.343625,194.99892910687703,198.3231955450849,201.31612765046188,0.35075,Diorite
12719J2_P2_Cleaned_01_01.png,159.21100507008583,163.25096928124077,164.93528183716066,0.16765,70.40128999620504,76.52333375490083,80.22246111040837,0.197225,101.95729657027624,106.47225958305323,108.83666778749166,0.297725,127.86783781780446,131.1574382921949,132.73871469868828,0.3374,Diorite
11825A_P2_02_02.png,74.9203007518809,80.15394736842,85.07368421052524,0.132775,123.9446022727274,127.54951298701296,130.95860389610294,0.246475,194.80619888075964,196.60800688764496,198.908394317693,0.29065,161.36618971913114,163.85699144522647,166.77575895222898,0.3301,Diorite
10714M_P1_Cleaned_01_02.png,145.86681113518776,160.99366561093746,165.10801800300274,0.149975,120.18262827126925,130.9593846731088,133.43982740830995,0.267025,74.59248188405711,77.98695652174146,79.23505434782729,0.275275,97.30073170731681,104.08422764227642,105.79552845528416,0.307725,Diorite
12719J2_P2_Cleaned_03_04.png,150.6617405582919,159.53940886699712,163.34373289545562,0.1827,65.26904581118688,66.39686155403882,67.84105289799933,0.198275,94.7782928109148,97.86496414203235,99.68628651390566,0.285725,120.40244085055446,125.48300389338107,127.68942797244677,0.3333,Diorite
11828J_P2_02_01.png,87.63994705103676,89.40476540667645,90.28871892925726,0.169725,128.0801832760585,132.00297823596887,133.5260022909508,0.21785,198.61230995586106,202.77194703285792,207.10470819029274,0.30585,166.94279643703499,171.7116940426579,175.28642641170185,0.306575,Diorite
10719Q_P2_02_04.png,83.75566594225438,91.45870847562962,96.90065197143684,0.1617,188.36927282668165,198.06867140514095,200.92772006560864,0.2282,151.89945393083156,162.1883505243997,165.72973910028628,0.287975,119.80615097856517,127.9887387387381,132.0485399192304,0.322125,Diorite
11828J_P2_02_03.png,83.72020248504225,89.69489185457876,92.84583525080619,0.163,192.18935939196382,195.0515743756779,197.1806731813262,0.23025,122.72232774995595,128.04653773096294,130.29329994819463,0.29145,156.98053432106528,160.96532429663534,163.21435889352898,0.3153,Diorite
12719J2_P2_Cleaned_01_03.png,73.82214857774179,76.5278928472791,79.76898646782706,0.18105,155.7874659400553,160.98079019073504,163.20735694822957,0.18365,103.30728824688164,106.26994418910007,108.63821405121462,0.304575,127.03498564304117,130.71512770137485,132.69321444763494,0.330725,Diorite
12719J2_P2_Cleaned_01_02.png,160.26676829268183,165.19385162601662,167.8462906504079,0.1968,70.15023364485819,75.02780373831843,78.33563084112316,0.214025,101.77915886259217,105.82989954026884,108.12421249787111,0.293625,128.6141938758255,132.35729994924685,134.4269159194716,0.29555,Diorite
10714M_P1_Cleaned_03_04.png,125.4083244397004,137.08815368196454,138.20960512273297,0.11675,100.42168336298066,108.79543113940727,109.68401835034248,0.266825,61.099559147685,63.671381337252605,64.13308229243303,0.2724,80.58722537465468,85.52728066346558,86.2478539211408,0.344025,Diorite
10714M_P1_Cleaned_01_01.png,148.04236702740158,163.58346764908913,167.23578171770762,0.10885,117.22904177371831,127.95061375963364,130.7017794271575,0.262225,74.01233272107226,77.32668590920832,78.72526895828018,0.287175,95.02150929639052,101.79423988333966,103.81808239154176,0.34175,Diorite
11825A_P2_02_01.png,75.31459522764015,78.39496413409492,81.78641487337426,0.17085,188.44387808176603,192.3366274836166,194.6352855508196,0.240075,121.21296824491306,126.08537744818477,128.8412245674082,0.264625,154.27657616198783,159.72150636600776,162.24313545022238,0.32445,Diorite
11828J_P2_02_02.png,89.53057553956756,94.33962829736093,95.88024580335548,0.1668,199.98360496701633,201.73573923166347,203.91860690725443,0.2577,165.9165647387739,168.1020443823162,169.6766556002094,0.28615,128.518230516676,132.74079834110836,133.58000691204296,0.28935,Diorite
12719J_P2_03_03.png,178.6075344888576,186.63742483197967,187.24902723735343,0.141825,129.23026946426688,137.79571839386503,139.51741399510001,0.235125,58.07471417176199,64.51121155721316,67.22485154657382,0.28245,89.50336404855952,98.21142313880318,101.29069767441804,0.3406,Gabbro
10719CC_P2_02_01.png,181.21314670446446,184.71226080793676,186.2193479801552,0.141275,76.41099952175941,81.5339072214242,84.48311812529872,0.261,146.45813974674334,148.4542224651536,149.64124988612485,0.27515,111.08797585886688,114.31367997523938,116.1699164345398,0.322575,Gabbro
12719J_P2_03_02.png,198.87647336161967,208.56176331918707,208.50813295615194,0.2121,149.50807063156802,158.43646408839714,158.91301050807004,0.231,68.83769393188172,68.52024235747604,68.94546956761143,0.272725,106.00640800561858,110.03362008426879,110.70119382022416,0.284175,Gabbro
10719CC_P2_02_03.png,170.24781795511126,177.33478802992286,179.836814214464,0.160975,138.21045808124427,142.56222990492512,143.87262316335227,0.230825,73.49350309583917,77.26240516263806,78.73742042382574,0.286675,104.41233185599935,108.25557888189094,109.22813156053184,0.321525,Gabbro
12719J_P2_01_04.png,171.3026444662095,173.1789911851112,171.20714985308638,0.102275,120.2279377064643,124.39924492685222,124.06465313827381,0.211525,53.48022552704703,56.36558261153509,57.40243503840541,0.30775,83.11380081568187,87.46533350874917,88.4282989080388,0.37845,Gabbro
10719CC_P2_02_02.png,180.61169230769076,185.5440000000017,187.61523076922924,0.160875,145.653187250995,149.56513944223218,151.33386454183133,0.25255,75.71747114375479,81.13798530955069,83.79564533053357,0.28595,108.27045908183648,113.26488689288091,115.36302395209485,0.300625,Gabbro
12719J_P2_03_01.png,151.29688055983837,159.86395445380174,159.83940220614483,0.21065,109.33085937499966,112.22656249999959,112.84658203125159,0.25675,72.83616917841482,71.17559552746302,71.41516771997985,0.2568,199.53947844983668,207.92683810213373,207.42421224193953,0.2758,Gabbro
12717B_P2.jpg,180.14906129834748,184.15041845736187,185.9319158561408,0.110525,150.65779869381382,153.2320399538989,154.98271225509023,0.2603,103.44197798231305,106.60711062985023,110.0100162425546,0.2759,126.91927582534619,129.01448349307785,131.536954206603,0.353275,Gabbro
12719J_P2_01_01.png,153.0005418585742,156.2713356813864,154.72785153074966,0.184075,105.02314116108354,101.8611530335034,101.64352550558216,0.24895,64.9510675341327,61.54357188674405,61.62365985521599,0.272825,202.22811490735631,205.04980452150167,204.20831208567574,0.29415,Gabbro
12719J_P2_03_04.png,184.82631203141915,186.69850053552528,185.50803284541198,0.14065,141.075199508901,145.91702475956603,146.1764886433391,0.244325,67.7361025731118,76.74198647580855,79.66224642135879,0.284525,101.47540983606572,110.2857142857138,112.4014504797156,0.3305,Gabbro
12719J_P2_01_03.png,168.8714348398414,173.79508556384474,170.58117595436693,0.11415,121.01074782215126,123.30908473809306,122.51623486819861,0.220775,54.04611588530635,54.0221220114014,54.21058453160887,0.295675,84.57373737373692,85.4921212121206,85.9447811447816,0.3694,Gabbro
12719J_P2_01_02.png,191.3180242634291,198.07900057770135,196.10470826112027,0.173475,141.1717475849942,145.62275749592328,144.58311378748039,0.19955,59.046352211520215,57.67855394157071,58.1725967031173,0.304925,94.36207299042786,94.72578009493479,95.4163100147859,0.32205,Gabbro
10719CC_P2_02_04.png,160.02666243453436,168.6957625773672,171.98936676718057,0.15715,123.81546360616221,131.1568509010357,133.10218463706786,0.2487,67.16979635017027,71.75156484175108,72.97302300978757,0.281975,94.81614746840594,100.79626499235205,101.99162843113625,0.312175,Gabbro
10715B_P1_Cleaned_03_01.png,135.17599511971915,149.53149306084953,151.12063443648023,0.163925,65.16873139345104,74.37875732257575,76.81071737251418,0.258925,109.58226626907519,124.19698298544048,126.15707770566553,0.285225,86.33642930856546,99.25464396284856,101.15987272101752,0.291925,Gabbro
12717C_P2_02_01.png,178.57282211082733,185.34548164205552,187.59436390733126,0.1848,84.36028398855805,84.17685705203093,87.63886828441414,0.2372,146.17794279428054,150.58965896589734,153.1197286395314,0.2719,114.6721525175172,116.63646732931431,119.34381619683924,0.3061,Gabbro
10715B_P1_Cleaned_01_04.png,137.05781089414177,151.2461459403905,153.04085303186145,0.0972,107.2798789712557,118.96725740220441,120.03274259779666,0.23115,63.345281412091815,70.52016722149102,72.11844855616678,0.322925,83.02927459281055,92.24869053598331,93.38745784602125,0.348725,Gabbro
10715B_P1_Cleaned_03_02.png,136.8568247987662,152.10446994348268,155.47867785579732,0.14585,109.3485477178417,123.2596738396215,126.55273569429636,0.2592,60.99596526620401,70.36400315761674,73.49978072099032,0.2848,82.48027748648815,94.82842623215346,98.6617730095989,0.31015,Gabbro
12717C_P2_02_02.png,177.2845285072815,183.5034698598458,186.28480065314983,0.183075,83.0371158392457,84.02482269503696,87.87387706855813,0.21165,116.23598228461577,118.58761594384474,121.8222612183496,0.299625,146.911485602094,151.48249345549638,154.40330497382058,0.30565,Gabbro
12717B_P2_02_04.png,160.36979369404455,165.5128454651623,167.88030362008516,0.12845,93.90686274509741,98.54810049019692,102.55637254901913,0.2448,132.32925882809468,137.16695770275518,140.23321691889754,0.25475,111.78505622544334,116.51998374204001,120.33938490719378,0.372,Gabbro
12717C_P2_02_03.png,171.15148247978289,176.86212938005255,179.4091644204837,0.183625,77.35636610783718,80.85092886270797,85.45446307204178,0.222375,139.8938941655347,144.77530529172324,148.08783355947585,0.278125,108.33700874222144,112.43592974718419,116.135937623061,0.315875,Gabbro
10715B_P1_Cleaned_03_03.png,152.88182720953043,166.80158887785151,170.85561072492266,0.125875,115.57183846971267,129.16769394261468,132.2654622741763,0.23495,85.42694238788212,96.90358267381458,99.41664539188187,0.294275,60.32765864966624,69.55498406258953,71.4819617502147,0.3449,Gabbro
10715B_P1_Cleaned_01_02.png,143.01085756348903,157.12808244387094,159.52153110047783,0.13585,114.92212842644477,128.20743621360054,130.5141800246611,0.263575,65.03214499444196,74.20800205180706,76.90373600068258,0.291575,88.09516469252016,100.9956190167124,103.69641408404962,0.309,Gabbro
10715B_P1_Cleaned.jpg,141.02240950009713,155.82589542233325,158.35433824937755,0.13025,112.28952961833566,125.58894741705919,127.86951298401196,0.2709,62.944095586954724,71.74271759986252,73.85016570731024,0.285825,86.56956452129339,98.1293627921868,100.38896894012125,0.313025,Gabbro
12717B_P2_02_01.png,188.0876416430583,192.64872521246343,193.7075070821541,0.140675,117.40495555135084,116.40892755816029,118.0339512010589,0.264375,160.7719518764587,162.35374393966507,163.36011851319918,0.277675,138.8189082278484,138.73900316455644,139.83409810126653,0.317275,Gabbro
10715B_P1_Cleaned_01_03.png,137.65312610384902,153.13246202755113,156.21494171670815,0.140775,111.89302147239212,125.29917561349612,127.80866564417086,0.261875,65.14303854875139,73.99673469387704,76.0666666666673,0.275075,87.5857464482575,99.59327691949353,101.96886887663965,0.322275,Gabbro
12717C_P2_02_04.png,162.8962091503249,168.0228758169937,170.15098039215775,0.190025,73.69079291923973,78.04189797842275,82.99591494710467,0.239275,129.5138072855461,134.36760673717214,137.05689385037223,0.255275,101.50361369231973,106.00532126121853,109.61130966563434,0.315425,Gabbro
10715B_P1_Cleaned_03_04.png,142.61669272869239,155.97224394057787,158.8217357310379,0.12775,112.24158477942728,124.31601505331497,126.29761655864517,0.2406,83.50560835688007,93.84690470074506,95.48206182036164,0.291225,57.31145978443904,65.18293129994879,67.07419898819288,0.340425,Gabbro
10715B_P1_Cleaned_01_01.png,145.18350113673182,160.13981812276776,161.82169535563452,0.154075,78.96202822071706,88.93288975565055,92.19433291269871,0.21795,121.0602507076426,134.08249090173936,136.37428224828187,0.309275,100.83440438871487,112.64247648902872,115.46300940438931,0.3187,Gabbro
12717B_P2_02_03.png,168.92730577010371,174.23580190822287,176.86756019990838,0.110325,92.95453618756233,97.83904179408847,101.43873598368934,0.2453,139.81074828721356,144.02811638046023,146.28276537058386,0.2807,116.11828991683284,120.02055124063456,122.97278163447601,0.363675,Gabbro
12717B_P2_02_02.png,183.3167231413201,187.45604943192978,189.34422961929403,0.125825,105.02240143369096,107.64555953803067,110.76453604141606,0.2515,153.83428151954593,156.18205175261414,157.91172692237137,0.27205,129.469624670608,130.69724378605522,133.01346057973106,0.350625,Gabbro
12719J_P2_02_01.png,157.07729186155305,160.5876987839107,160.1107343311501,0.2139,110.92958649428435,107.83620044876658,107.68329949780828,0.235325,69.86692962424848,64.8858210504433,64.70656009964496,0.239575,199.8487354476143,206.14508229626216,206.15865114411721,0.3112,Gabbro
10719CC_P2_03_02.png,169.22013231288338,173.93436243352065,175.98534180827718,0.192725,135.7000912501265,140.17367940788716,142.0809084457051,0.247,70.31312826699136,76.66284680337833,79.34338560514848,0.248675,103.0987179487177,108.46682692307616,110.67419871794772,0.3116,Gabbro
10719CC_P2_03_03.png,172.30695994747353,178.1364084044659,180.01822061720355,0.1529,139.57805362462852,144.14428997020826,145.8613704071497,0.2524,73.1942401417829,76.67142224191477,78.5581745680123,0.282125,105.86433521867221,109.24392575479914,110.64215725324662,0.312575,Gabbro
10719CC_P2_01_04.png,175.12107623318622,181.29654274555068,184.17734702733912,0.1733,69.26946178306548,72.15357437286417,73.31350842068139,0.212275,142.81716227697544,146.77264231095904,147.6811384876799,0.29495,108.14143146733163,110.97699984406587,111.40090441291068,0.319475,Gabbro
12719J_P2_02_02.png,192.15761796475064,199.20437748720846,198.07575326890253,0.175925,139.59651162790703,144.0733720930231,143.51976744186092,0.215375,54.593447037701274,53.81193895870718,54.07486535008888,0.2772,93.51535087719371,93.82637628554126,94.15267695099769,0.3315,Gabbro
10719CC_P2_03_01.png,175.984878240376,180.27592301649625,182.9082875098185,0.1273,140.78612716762927,145.082669865853,147.32130003271905,0.2299,104.88347508147227,110.3923376520151,113.15944678483405,0.314175,73.6374069007446,80.2893296853611,83.26934184526414,0.328625,Gabbro
12719J_P2_02_03.png,194.3513179571691,199.3058758923691,200.2068918176813,0.1821,145.7921820880751,151.13545274616502,151.59166254329492,0.202125,99.63910034602091,104.4709342560553,105.76807958477481,0.289475,63.167839657285725,65.95838433292714,67.3251988984072,0.3263,Gabbro
10719CC_P2_01_01.png,186.3974639949881,187.60566687538955,188.71023794615007,0.1597,149.23687031082528,150.77131443047716,151.73779596609265,0.256875,79.95083381253292,84.43981215257607,87.18995591336127,0.2605,114.14610917537766,116.57235772357699,118.299341850562,0.322925,Gabbro
10719CC_P2_03_04.png,152.3653733671286,163.325209592514,166.82608695652212,0.128075,115.60559203558539,125.4159076466849,128.65981783520382,0.23695,62.573919700579445,68.48604967676239,71.00740047635364,0.291725,87.95502084399942,95.49279602135663,98.37416806845644,0.34325,Gabbro
10719CC_P2_01_02.png,82.85422660638285,86.39786272091811,89.04123852582691,0.182675,123.0075886170746,124.07588617074236,125.6075886170739,0.250525,193.07208976156943,195.49256661991316,197.41449275362515,0.266025,158.73980485363992,159.1985655908594,160.48628137770032,0.300775,Gabbro
12719J_P2_02_04.png,179.0091940532073,181.72633020344028,180.59194053208068,0.12735,130.39949221768373,136.036538249255,135.97295507230533,0.2264,60.359289260518075,66.79653340301124,68.60064454315958,0.287025,91.34555338723095,98.4678003902986,99.83468079174837,0.359225,Gabbro
12717C_P2.jpg,174.98527644230649,181.04296874999972,183.7085336538447,0.167625,79.63177710843232,82.04787005163482,86.5732573149718,0.2337,143.69288651675498,148.54545454545425,151.53819231778834,0.285725,111.76598779618051,115.31405024169875,118.83437673349735,0.31295,Gabbro
10719CC_P2_01_03.png,179.24143461145712,184.40268260679397,186.62151917189243,0.1718,146.27400302877194,149.42564361433617,150.3834427057035,0.24855,80.4178035135906,81.9602512513497,82.82206300912942,0.254725,113.90097340384746,115.44638614240819,116.02690273626068,0.324925,Gabbro
12717B_P2_03_04.png,174.01588374450847,179.52619128083933,181.51977019263285,0.074575,144.68629836943236,148.91336091506528,151.28084692139228,0.204875,121.26362456747411,125.60921280276806,129.0124711649367,0.346775,102.78824158919075,106.96194234499555,111.02006554745525,0.373775,Gabbro
12719J_P2.jpg,193.99199779249415,200.15149006622562,199.52828366446192,0.1812,141.43419559791312,146.65622872702426,146.51168595416328,0.220275,60.94760492495606,62.20301968185639,63.11305832659587,0.2784,96.02560299742476,99.47669971118488,100.39856373428991,0.320125,Gabbro
12717B_P2_01_01.png,187.07580978635465,189.23432115782154,190.07144498047288,0.109075,118.12524645573228,116.59515538447015,118.94883109567127,0.266275,157.91385181776386,158.51201104463814,159.22429820524619,0.271375,137.34894911895867,136.47470101195938,138.0072181728121,0.353275,Gabbro
12717C_P2_03_03.png,170.8711420850507,177.58711420850446,180.27947660361204,0.175775,75.46983442957439,77.00861873440573,80.57235200725692,0.2192,138.31216264843476,144.3132421734444,147.35876214465722,0.278475,107.5348676639812,111.13302646720392,114.19654775604184,0.32655,Gabbro
10715B_P1_Cleaned_02_03.png,132.5496874326352,146.59818926492665,148.46324638930696,0.115975,104.92994729276396,119.06411116434981,120.89247724005646,0.260425,61.90598438854972,71.18811795316375,72.71578490893194,0.290675,82.46902060316529,94.0851746790089,95.6291430277693,0.332925,Gabbro
10715B_P1_Cleaned_02_02.png,144.08126669210196,162.47729874093824,165.20965280427242,0.131425,61.16278205961525,70.22499767852129,72.54647599591343,0.269175,114.47628584433289,128.84615384615503,131.08802913063337,0.274575,86.87565364503203,98.57374653952624,100.64580129190983,0.324825,Gabbro
12717C_P2_03_02.png,174.79415752495888,183.48588684826848,187.9034882287707,0.2033,84.45428712626509,84.89325426241697,88.64368668149486,0.20335,116.06208559373178,119.37879962111462,123.19684835959802,0.29015,146.09860426929458,152.65722495894946,156.64975369458253,0.3032,Gabbro
12717B_P2_01_02.png,189.60241433021906,189.96651090342823,190.95969626168326,0.12835,118.39809217982682,116.92293162070459,119.25018889308795,0.2647,161.0641961444883,160.33604716451492,161.51207186973627,0.2672,138.93517292126526,137.71898454746125,139.3589403973506,0.33975,Gabbro
10715B_P1_Cleaned_02_01.png,140.76426888929217,156.44283384671056,158.62565682188932,0.137175,69.20969869128612,78.6303134828032,82.05001521761363,0.2465,114.33181225554159,127.57627118644001,130.2514667535861,0.30715,91.68936204663228,103.19527202072506,106.29387953367848,0.309175,Gabbro
12717C_P2_03_01.png,80.64511941848599,80.10436137071561,83.7132658359287,0.19335,175.23922081007424,184.35194203587105,188.79819455992353,0.21015,113.2936570086136,116.36126337770749,119.67789089010819,0.287375,144.28657945736398,150.432089793281,153.92974806201644,0.309125,Gabbro
12717B_P2_01_03.png,178.99431818181904,180.84005681818104,182.2318181818174,0.08805,151.2128491087608,152.0058145076724,153.4481936898287,0.262575,107.77515865820499,107.72547597461462,110.29456029011723,0.27575,129.40564208837483,129.0803529647705,131.07787953740257,0.373625,Gabbro
12717C_P2_01_04.png,160.5458130669132,166.35901143683458,169.43065597475893,0.190725,73.61922569291804,79.94786625604937,86.0251869775615,0.2273,129.02035861038476,135.63233096750102,139.76214045573326,0.267425,101.44421504010151,108.33129516398009,113.44532676883912,0.31455,Gabbro
12717B_P2_03_02.png,174.21034630183752,179.49615220179555,181.69773407438993,0.117475,100.50119463333914,104.89248299944975,108.33128101451915,0.27205,145.92106454240908,149.86032406988315,152.02344527926087,0.27565,122.19009930560776,126.21414171582161,129.0473381617263,0.334825,Gabbro
12717C_P2_03_04.png,167.7946002386641,174.91348448687415,177.77028639617993,0.167775,77.56400761743663,79.88848920863438,84.64769360981586,0.236675,136.7548351947695,142.9538726959043,146.14718968491815,0.27555,107.29623567921473,111.38500506585626,114.87935468786563,0.32,Gabbro
10715B_P1_Cleaned_02_04.png,136.20942528735605,149.24275862069,150.97793103448348,0.1073,107.05866205774669,119.6094957299719,121.09078893859362,0.246475,60.735583459970414,69.77333439974444,70.9001839558515,0.312625,82.11772218465939,92.37825858312704,93.62985500713685,0.3336,Gabbro
12717B_P2_03_03.png,182.15341545352783,185.75901455767143,187.541993281074,0.111625,154.30324074074088,156.90657407407468,158.31611111111002,0.27,112.0941491737379,114.57391692720047,117.46636891469413,0.279875,132.58020679468189,135.16366322008858,137.31469719350045,0.3385,Gabbro
12717C_P2_01_01.png,178.35095817596806,183.09511819834995,184.52217093299646,0.178725,83.06599483839133,86.07312277252169,91.3872434558179,0.20375,117.11719839252106,120.26105142294665,123.96678422045353,0.305175,148.30101429598363,152.84242472645843,155.49045603386213,0.31235,Gabbro
12717C_P2_01_03.png,175.37768647281857,178.06242098609266,179.69168773704138,0.1582,80.00974598237286,82.40010368066245,87.12731985484615,0.2416,143.27648532569884,145.95212956334964,148.26002147458908,0.2794,112.192436386274,114.14644774725751,117.49241304178643,0.3208,Gabbro
12717B_P2_03_01.png,174.70442655935582,186.42937625754556,189.96197183098624,0.124675,146.88279158699822,153.9977055449334,157.08374760994357,0.261075,102.81690266274715,106.94879330305439,110.07195654109861,0.28125,124.15680983434538,129.2843115208753,132.47057941683568,0.333,Gabbro
12717B_P2_01_04.png,168.4948924731181,173.81639784946194,176.59301075268786,0.09295,140.37413664860182,144.70842630963836,147.67399851237923,0.235325,98.57480435783275,102.01242903176252,105.98373484732164,0.32585,118.27293097217206,122.128514636791,125.65811348030347,0.345875,Gabbro
10719CC_P2.jpg,179.8100502512579,184.34087102177688,186.46381909547932,0.149925,143.76000394244159,147.6744529863998,149.3211117681859,0.253025,73.39116071428762,78.20482142857286,80.35250000000224,0.28,107.6965468306528,112.00638599810867,113.70742667928079,0.31705,Gabbro
12717C_P2_01_02.png,177.5568804824574,179.68832236841956,181.0053453947363,0.182175,80.22896567197725,82.1209333632473,87.1980031411257,0.223175,145.93194492854758,147.70285813872303,149.98370512373702,0.2862,113.06862108169656,115.16225434464724,118.77708299496517,0.30845,Gabbro
