11830I_P2_01_02.png,38.08407157,1.675187122,0.546017396,0.113031332,55.19427803,1.184797877,1.607729054,0.255832625,79.57072071,0.13938663,2.941379384,0.270448159,67.78712374,0.745389642,2.569133982,0.360687884,Granodiorite
12720V_P2.JPG,36.13169485,0.358649521,0.812252916,0.094667168,78.6477296,0.875534018,2.974175434,0.251521176,55.29759281,0.707807548,1.892809876,0.257838007,66.93774463,0.824929118,2.722336918,0.395973649,Granodiorite
10715M_P2_01_02.png,26.30273839,1.048008693,1.68482321,0.124618555,44.37796438,0.683517723,2.874145646,0.188599495,69.60020558,0.590401867,2.807927697,0.327001348,57.8683118,0.77834008,2.816704918,0.359780602,Granodiorite
12723M_P2_01_02.png,29.96323712,0.873752856,-0.468335648,0.152408553,52.34238326,1.315582955,1.478690414,0.219095991,79.22978043,0.322204649,2.683710604,0.303501459,66.67095932,0.943455248,2.276501012,0.324993997,Granodiorite
11830I_P2_01_01.png,42.09761419,-0.107062218,4.496332767,0.125494309,57.33608955,0.376882865,3.278429721,0.243063719,79.92885765,0.494998902,1.475373055,0.279441425,69.28621511,0.530661132,2.089428752,0.352000547,Granodiorite
10715M_P2_01_01.png,29.10261833,1.406556215,0.770306816,0.104373598,48.65964936,0.999824785,1.952677216,0.232123313,72.45213733,0.678931998,2.016970251,0.316368861,60.89373346,0.907998981,2.316772414,0.347134228,Granodiorite
12723M_P2_01_01.png,30.78983525,0.988764911,0.085343023,0.147791859,52.8911342,1.191112,1.987855526,0.221716233,81.64221267,0.452177859,1.966570007,0.303659949,68.13704965,1.009072348,2.377669156,0.326831959,Granodiorite
11823H_P2_01_02.png,28.56518489,0.599689428,1.638244379,0.121659768,50.94238066,0.622171915,3.447700059,0.191119845,67.40352478,0.961596492,2.861045518,0.300983442,79.47341274,0.840687643,1.885391395,0.386236944,Granodiorite
10715L_P2_01_02.png,39.24402953,0.478181769,2.782653992,0.190685364,21.37924047,0.940702329,1.002629201,0.218911945,69.12221738,-0.108560642,3.833740152,0.249009561,55.36245283,0.091998897,3.40979247,0.341393131,Granodiorite
12715C_P2_01_02.png,41.21747744,1.17321911,1.368187664,0.080053761,55.9833872,0.895887853,3.504086284,0.269344503,75.68682819,0.030723096,4.620009643,0.274275917,65.73035372,0.430982863,4.203650773,0.376325819,Granodiorite
10721D_P2.JPG,28.23849296,0.546312827,-1.829250755,0.136591342,51.41661991,-0.23252979,-0.137651373,0.187173349,76.82728795,-0.849845091,2.442005676,0.308740059,65.56443459,-0.754636262,2.020492221,0.36749525,Granodiorite
10714Q_P2_01_01.png,30.07206387,0.173028394,2.640974244,0.143592026,49.69944124,0.407046471,3.341537071,0.196062646,64.01675403,0.965973219,2.950765357,0.305588348,75.63707774,0.784805983,2.409597119,0.35475698,Granodiorite
11823H_P2_01_01.png,30.13472238,1.010879723,0.632406102,0.096237182,52.98882552,0.806467895,1.672772704,0.163064468,68.5430655,0.888499182,2.194444524,0.357976028,79.75462791,0.672534772,1.491715371,0.382722322,Granodiorite
10715L_P2_01_01.png,44.26016343,0.476441836,2.919296346,0.174060423,23.94164555,0.911378818,1.568207829,0.184700013,73.26381044,0.341317515,3.020903001,0.295640583,60.08714192,0.407753229,2.975344286,0.345598981,Granodiorite
12715C_P2_01_01.png,38.34723036,1.303774971,-0.73313662,0.082910483,77.67331313,0.016339478,3.429169178,0.267142465,55.55438272,1.06343361,2.375827693,0.267827415,66.53372912,0.473298281,3.304393708,0.382119638,Granodiorite
10715L_P2.jpg,41.52812357,0.45258528,2.94363665,0.181342722,22.50836737,0.927659752,1.238597712,0.202480158,71.54856374,0.186652068,3.300067712,0.273938454,57.64750611,0.222130254,3.234108147,0.342238666,Granodiorite
10714Q_P2_01_02.png,30.49230941,0.488376425,1.509288659,0.119971748,50.73823929,0.562542366,4.319807267,0.208439942,77.32497684,0.411769182,4.851008134,0.327567152,65.1384396,0.727688574,4.359889405,0.344021157,Granodiorite
11830E_P2_01_01.png,44.19712476,0.835073962,2.89013494,0.144168139,22.08940149,0.75281117,0.81939937,0.156367501,60.27435313,0.992151203,2.479366681,0.343208468,73.3275807,0.879829214,1.842584836,0.356255892,Granodiorite
12715A_P1_Cleaned_01_02.png,19.79193489,0.100449424,2.739799222,0.21960706,56.78650546,-0.733545233,8.010921246,0.22218394,33.11710585,0.164637988,5.552013455,0.2468656,44.85826778,-0.34724838,7.761055202,0.311343401,Granodiorite
12718B_P2_01_02.png,31.59552278,0.233657081,3.85254239,0.144192291,51.18767697,-0.048906091,4.667504849,0.201917232,78.69924368,-0.0473504,2.782207031,0.326674975,66.12028023,0.000621652,3.411103782,0.327215501,Granodiorite
10714H_P5.JPG,35.24438131,-0.226948026,0.880004699,0.167285684,74.84828713,-0.806458777,3.026838011,0.219155959,50.07629199,-0.715658204,2.051728306,0.29428358,62.01271819,-0.794576136,3.063222008,0.319274777,Granodiorite
11830E_P2_01_02.png,22.19576199,0.240148443,2.77782386,0.135480473,43.51854,0.682663977,3.729712375,0.163849396,72.04476264,0.957353491,1.731549304,0.340207454,58.77138054,1.058392463,2.644959589,0.360462677,Granodiorite
12715A_P1_Cleaned_01_01.png,60.94308678,-0.597075391,8.154413165,0.193676163,34.64951521,0.2747142,5.115222765,0.237599988,19.80403706,0.247873344,1.662970868,0.258767651,48.26353776,-0.172347233,7.117497572,0.309956198,Granodiorite
12722T_P2.JPG,31.70058294,0.854366723,0.429726189,0.110216431,53.21762231,1.033880118,1.581489343,0.224491261,78.87978416,0.444392887,3.133713106,0.311360677,66.57028059,0.793615124,2.391240449,0.353931631,Granodiorite
12718B_P2_01_01.png,33.26751085,0.848446269,1.413344333,0.139166812,53.84933118,0.197946458,3.482171629,0.188496028,69.23544976,-0.043709558,3.66253279,0.333297918,81.02410836,-0.181514599,2.977177185,0.339039241,Granodiorite
12717B2_P2_01_02.png,49.56692995,0.185253841,2.801968161,0.150983269,75.51811715,0.156849662,2.932888423,0.203422138,59.18007755,0.313174356,2.991434965,0.308642478,67.22425155,0.223211559,3.136331608,0.336952115,Granodiorite
10714H_P5_01_02.png,35.03260748,-0.253940573,0.923380689,0.175909725,74.09263643,-0.761377967,3.236444528,0.205023118,49.58633576,-0.740103892,2.088834538,0.296868972,61.28653388,-0.859952085,3.343208422,0.322198185,Granodiorite
11823H_P2.jpg,29.20837777,0.774079868,1.232443303,0.108608395,51.81872846,0.706379492,2.608826508,0.17607675,67.90253446,0.923876175,2.541036847,0.327599625,79.52498487,0.759717329,1.665200259,0.38771523,Granodiorite
12717B2_P2_01_01.png,52.55556711,0.15870261,2.335155517,0.132247862,78.65169846,0.169821382,2.804803743,0.219933404,62.4228851,0.24524472,2.681879585,0.283868358,70.41240454,0.251307874,2.670257908,0.363950376,Granodiorite
10720T_P2.jpg,31.47072026,1.247706348,1.610314453,0.129401866,72.49882646,0.574802518,1.913419996,0.234927192,49.01774666,0.844122714,1.826616831,0.264269136,60.60316454,0.742766977,1.84968724,0.371401805,Granodiorite
12717H_P2.jpg,23.9585547,0.053809751,3.294270464,0.137023306,43.2078139,0.150865313,5.092244736,0.203060565,68.85028831,0.471461429,2.957875778,0.265272774,56.4490763,0.496977402,3.845798943,0.394643356,Granodiorite
12717B2_P2.JPG,51.00258418,0.188483442,2.637656307,0.148575897,77.65696158,0.173077943,2.849484416,0.199161608,60.97981081,0.279635556,2.883369682,0.304559213,69.25822658,0.223918103,2.852445959,0.347703282,Granodiorite
12716F_P2.jpg,28.7748045,-0.132634306,1.522293392,0.216126244,46.29693226,-0.401540686,3.027749361,0.220201999,75.08791456,0.342981772,2.829293075,0.254110911,61.24415771,0.161010771,2.738088145,0.309560846,Granodiorite
10714H_P5_01_01.png,35.51787798,-0.215802508,0.928299421,0.160720134,75.73855444,-0.831138987,2.797180202,0.225200261,50.78507723,-0.648158086,1.836817851,0.295933099,63.07571817,-0.773661067,2.946928113,0.318146505,Granodiorite
10719R_P2.JPG,37.89609833,0.477320219,2.043911574,0.131548281,54.81255632,0.155323261,3.567312715,0.226972666,79.9713956,-0.048508975,2.932423857,0.290313093,68.32108911,0.045172828,3.234044177,0.35116596,Granodiorite
11831EE_P2_01_02.png,32.23142732,0.138633335,3.320856532,0.146995136,51.82208288,0.046726444,3.284312905,0.20802979,79.47006188,0.253917755,3.608442101,0.311241872,67.03853166,0.141764834,3.496465114,0.333733202,Granodiorite
10720T_P2_01_01.png,32.05662844,0.979195853,2.74097619,0.128130312,71.88926174,0.608081354,1.321901777,0.245018527,49.16778736,0.694803682,2.239420134,0.256510567,60.61158745,0.694522726,1.574285491,0.370340594,Granodiorite
12723X_P2_Cleaned.png,32.64876996,0.828450878,3.703067628,0.137873738,51.18077098,0.617123742,5.2638491,0.251317702,76.39344618,0.470383048,2.129124048,0.255766349,64.16735081,0.55293473,3.82532662,0.355042212,Granodiorite
12723X_P2_Cleaned.jpg,32.64545483,0.857096663,3.639265269,0.133436116,51.11905224,0.623333875,5.195689584,0.24613629,76.22873828,0.476854256,2.114552469,0.266990217,64.06857353,0.546904506,3.843206039,0.353437376,Granodiorite
11831EE_P2_01_01.png,30.33306904,0.88622134,-0.190099531,0.180096034,51.36899679,0.370939227,1.333176718,0.183925927,68.5288385,0.339356371,2.165166033,0.310465369,81.74653245,0.126388319,2.842803306,0.32551267,Granodiorite
12718B_P2.JPG,32.61262385,0.515199481,2.752414615,0.144667888,53.00330908,0.073045752,4.052227833,0.201977514,80.16715754,-0.125184223,2.906811,0.322932365,68.11623141,-0.015147086,3.467381852,0.330422233,Granodiorite
10720T_P2_01_02.png,30.78935233,1.50231,0.561204716,0.130604477,73.37067243,0.535622737,2.519358979,0.219586683,48.90303453,0.994894244,1.39332481,0.275843319,60.79046183,0.784068068,2.165629236,0.373965521,Granodiorite
11828E_P2.jpg,31.70868909,0.927925254,0.602519924,0.087377603,54.02847619,0.981993711,1.046116404,0.199132557,79.47225478,0.745177203,1.58981279,0.343094127,68.09534679,0.80031538,1.585616531,0.370395713,Granodiorite
10719R_P2_01_01.png,40.04744273,0.291882313,3.436771075,0.130972277,56.67449682,0.140218041,4.343434149,0.22906356,80.96519302,0.00920491,2.505852235,0.292950163,69.89949704,0.136257477,2.790423341,0.347013999,Granodiorite
10720U_P2_01_01.png,26.67165228,-0.145502655,3.193832611,0.12049123,45.65697788,-0.086842728,3.99643601,0.200283272,70.98384,0.435942605,1.968759222,0.299472962,58.75199832,0.326329243,2.65312215,0.379752536,Granodiorite
10715M_P2.jpg,27.98139173,1.177284041,1.390271881,0.120115994,47.38675145,0.84338554,2.385138774,0.219560372,71.37244445,0.645373167,2.34083902,0.307146328,59.90619969,0.83726928,2.608177615,0.353177306,Granodiorite
12725D_P2.JPG,68.02740599,-1.348397074,7.658368336,0.205456187,29.35206213,-0.087189787,3.625505839,0.241312688,54.4604534,-1.455766412,9.415217236,0.268626026,42.09394299,-0.659015329,5.984177895,0.284605098,Granodiorite
12717H_P2_01_02.png,23.40438208,-0.025816118,3.894553866,0.132537654,40.92294854,-0.010072105,5.992242011,0.199664309,64.62781305,0.443481791,3.347956043,0.272766904,53.64301514,0.370867367,4.494049997,0.395031132,Granodiorite
10719R_P2_01_02.png,36.61977962,0.610233378,1.068234772,0.141736443,53.99408591,0.173389482,2.897408283,0.234409662,79.3931666,-0.148191979,3.515587714,0.265519382,67.64197635,-0.02598849,3.396014398,0.358334514,Granodiorite
10720U_P2_01_02.png,26.35919473,0.296683861,1.769469259,0.125131602,45.88895997,0.307491301,3.351403605,0.207528784,71.46959,0.547379259,2.906585739,0.298287337,59.30031767,0.547679654,3.014703361,0.369052277,Granodiorite
11830E_P2.jpg,22.3945224,0.516043149,1.755247799,0.14976552,44.8063193,0.773817159,3.340683032,0.165140559,73.03816326,0.908629142,1.774401063,0.333821628,60.13952087,1.034029471,2.509549428,0.351272293,Granodiorite
11830I_P2.JPG,39.77595465,0.834681098,2.356108675,0.115691071,56.04232847,0.773523916,2.498822249,0.251147674,79.79477887,0.325192154,2.174333116,0.274672269,68.534932,0.614317874,2.387309246,0.358488986,Granodiorite
12717H_P2_01_01.png,24.36537634,0.153449374,2.523345257,0.138094339,45.48438809,0.357348366,3.829358908,0.194176309,70.91478628,0.460155832,2.871220208,0.296477014,58.82320163,0.618054816,3.327675277,0.371252338,Granodiorite
11831EE_P2.JPG,31.34572754,0.557278533,1.336719666,0.164756367,51.85511958,0.184728323,2.440026809,0.196812948,80.58031929,0.198079019,3.168587943,0.319120179,67.68762004,0.231324561,2.891529319,0.319310506,Granodiorite
12723O_P2.JPG,30.39374651,0.632944685,2.4223031,0.123808599,51.35529315,0.920902224,2.850368105,0.233742159,77.56047903,0.303261152,2.803394809,0.277509751,64.7917864,0.858275811,3.055480859,0.364939492,Granodiorite
11828E_P2_01_02.png,29.18214535,0.325506242,2.327815372,0.09069654,52.16657259,0.74360578,1.817051604,0.199681296,77.76880914,0.819922527,1.570449332,0.340858331,66.24289352,0.737388597,1.722777172,0.368763833,Granodiorite
12722T_P2_01_01.png,31.99490647,1.035761607,-0.494241592,0.109860895,53.56418314,1.125653443,0.832387397,0.229799749,79.35192533,0.413011418,3.140700798,0.302887465,67.27002961,0.79954296,2.012319146,0.35745189,Granodiorite
11828E_P2_01_01.png,34.86046162,1.721858076,-1.767431389,0.085021594,55.76577906,1.218840037,0.318221436,0.187193658,80.59815245,0.670204931,1.61186801,0.36019583,69.55817023,0.848928879,1.503884499,0.367588918,Granodiorite
12722T_P2_01_02.png,31.39376668,0.67182053,1.328261838,0.111175663,53.10809287,0.93919859,2.401771528,0.226501716,78.79134971,0.449976046,3.229272872,0.304190553,66.38197085,0.785617794,2.710988249,0.358132068,Granodiorite
12715C_P2.JPG,39.64812166,1.255448268,0.202941095,0.080488354,76.78333442,0.025861723,3.983531442,0.266708814,55.74112207,0.972543522,2.95453089,0.269271537,66.16068522,0.449237154,3.792345237,0.383531296,Granodiorite
10720U_P2.jpg,26.36687088,0.078379008,2.459213013,0.120949236,45.47171726,0.110130518,3.661348364,0.199409814,71.0484575,0.496304049,2.447613076,0.305562374,58.76325308,0.427303502,2.844380906,0.374078577,Granodiorite
12716F_P2_01_01.png,28.33653744,-0.114078188,0.87561394,0.204929162,45.4385035,-0.449272924,2.795253474,0.207844844,75.05564092,0.203012889,2.879417952,0.272429078,60.77079173,0.112618692,2.617326311,0.314796917,Granodiorite
12720V_P2_01_02.png,34.86547767,0.556566075,0.500925052,0.091498201,77.56739508,0.842314047,3.781668239,0.246019128,54.05203589,0.756211434,2.151912403,0.255835308,65.65621059,0.837398507,3.25299731,0.406647363,Granodiorite
10721D_P2_01_01.png,28.20042222,0.609555776,-2.359192671,0.147227723,51.34889737,-0.163534669,-0.571874589,0.18881841,77.31752192,-0.818882857,2.284443879,0.297423814,65.70044807,-0.717629805,1.824327381,0.366530053,Granodiorite
12723M_P2.JPG,30.39290347,0.929456173,-0.195183422,0.150614421,52.6987225,1.257379204,1.717560548,0.22165187,80.55746309,0.391557598,2.303724434,0.298936381,67.49371119,0.961524192,2.365399306,0.328797329,Granodiorite
12716F_P2_01_02.png,28.14499566,-0.104049297,1.983417012,0.202931264,44.39020064,-0.421925361,3.325001458,0.211186493,74.04159301,0.487904866,2.783074586,0.270920825,59.64934239,0.133221114,2.838932956,0.314961418,Granodiorite
10714Q_P2.jpg,30.35561559,0.313794854,2.150955706,0.132671783,50.26040734,0.492064191,3.817843139,0.200245962,64.49922196,0.852043381,3.667879027,0.323823587,76.40271537,0.595752909,3.628361773,0.343258667,Granodiorite
12720V_P2_01_01.png,36.90193065,0.13910707,1.090355364,0.094047337,56.25769798,0.655412155,1.420598538,0.255178556,79.58496967,0.889396757,2.386847283,0.255580855,68.133447,0.826069321,2.15986486,0.395193253,Granodiorite
12715A_P1_Cleaned.jpg,59.18472531,-0.64175691,8.017992071,0.201329529,19.73805087,0.1779532,2.152329756,0.238421755,33.83315464,0.207025091,5.374865391,0.246568557,46.69104255,-0.282671301,7.469831138,0.313680159,Granodiorite
10721D_P2_01_02.png,27.97348319,0.480293549,-1.207756988,0.123833048,50.90048139,-0.282806454,0.230704741,0.178544912,76.21758654,-0.882997302,2.612865669,0.327518165,65.13378647,-0.778319029,2.157730041,0.370103875,Granodiorite
11826E_P2_02_01.png,37.10311458,0.476223158,-0.146471998,0.04367348,57.44303863,0.908589935,2.761888465,0.208261561,75.80415093,0.281580811,2.751649632,0.347446018,67.58640128,0.530845147,3.261537075,0.400618942,Granite
11823G_P2_02_01.png,34.9391051,0.427563657,0.068861681,0.104412343,52.09684827,1.260293857,2.250572976,0.199158416,63.47772235,1.320065772,3.032347238,0.31962384,74.52524984,0.750861919,3.248136988,0.376805401,Granite
11826E_P2_02_02.png,39.89005752,-0.125049351,1.834456118,0.043928923,58.72795029,1.003772143,3.51279158,0.231687193,77.55042763,0.449953835,2.909167123,0.327385796,69.33451308,0.680696468,3.699125778,0.396998088,Granite
11823G_P2_02_02.png,35.67549444,1.000173431,1.559879227,0.10257416,51.67090131,1.568296149,3.599326912,0.23778486,73.56376243,0.434731197,3.155444606,0.299659058,62.81619504,1.344789103,3.522038079,0.359981923,Granite
11826E_P2.JPG,37.3992083,-0.161979617,2.096625007,0.058150617,56.22581515,0.712973011,3.591100268,0.223963671,74.94690555,0.34952149,2.675409588,0.333819417,66.60065563,0.520242872,3.62618002,0.384066295,Granite
11823G_P2_02_03.png,33.43488235,0.654477201,0.665699685,0.102092954,49.99857337,1.859127729,3.994184596,0.229406489,72.88960146,0.750240073,3.867617209,0.277110282,61.35723079,1.673441264,4.895904362,0.391390276,Granite
11826E_P2_02_03.png,39.20257651,0.261885613,2.766217883,0.042032878,56.07695681,1.401528547,4.4514846,0.220781114,73.7365492,0.509735256,3.680706611,0.356781006,65.78389636,0.994098019,5.007974203,0.380405002,Granite
11830C_P2_03_03.png,33.45502802,0.545628225,-0.488311429,0.07863994,70.69171595,0.614463541,3.820188364,0.24940515,49.87098575,1.259171089,3.869086928,0.258448848,60.32064859,1.091628354,4.589806559,0.413506062,Granite
10714J_P2_02_03.png,23.77404937,0.05420516,2.388082717,0.106445335,39.07210649,0.197022936,6.975041504,0.149598473,58.94317539,0.619907004,10.89400093,0.300034525,50.03380196,1.176850216,11.23849831,0.443921667,Granite
12719I_P2_02_01.png,28.38138956,1.812553542,0.100076313,0.076055468,52.82026505,1.658230897,2.00712774,0.175078599,76.89398134,0.621987174,2.336142427,0.354270529,66.44226649,1.744842355,3.751533266,0.394595404,Granite
10714J_P2_02_02.png,25.73367929,-0.166615406,2.777177842,0.110407194,43.02961106,-0.184961571,7.578376875,0.221436766,63.82525248,-0.708323096,8.63657277,0.232795951,53.57331673,-0.103628894,8.722009972,0.435360089,Granite
11825G_P2_03_01.png,30.90191482,0.27304953,1.607981821,0.078711119,53.69273952,0.78220882,2.96242413,0.183287985,65.77655267,0.85306308,3.089081923,0.355737895,75.47251741,0.663296025,2.021204631,0.382263002,Granite
11830C_P2_03_02.png,38.99916156,1.194020768,-1.715214848,0.075410225,55.14172243,1.321366052,1.579105042,0.236508501,73.9118167,0.620353147,3.087983734,0.294067048,64.54575068,1.305689895,2.704306808,0.394014227,Granite
11825G_P2_03_03.png,28.80066674,1.043340303,0.039711842,0.068749614,52.20439229,1.264816958,2.522401714,0.163790118,72.47639699,0.81307148,3.285946082,0.376026529,63.4562979,1.420249134,3.926131295,0.391433739,Granite
10714J_P2.jpg,23.39469163,-0.085326485,2.288113925,0.130767303,40.55599662,-0.242859291,6.419047856,0.190448052,63.25290723,-0.313321615,8.472091048,0.265156547,52.69162254,0.255952917,9.232269375,0.413628098,Granite
12719I_P2_02_03.png,26.0345829,1.278250435,-1.531438243,0.103669811,51.82670902,1.097812538,0.261811549,0.181184969,77.86407265,0.401336203,1.359094658,0.344916349,66.53108668,0.854356893,1.297184031,0.370228872,Granite
12719I_P2_02_02.png,28.13232361,1.304243131,-0.486659891,0.071922487,53.94229837,1.235782921,1.06569494,0.185071862,69.58696908,1.215100062,1.713770961,0.368992814,81.04963266,0.515145871,1.64621394,0.374012838,Granite
10714J_P2_02_01.png,23.6497033,-0.11189295,2.836050719,0.119933303,40.96551346,-0.305806992,6.765968263,0.200971035,64.52534181,-0.4030329,7.55501924,0.279229737,53.52731198,0.160214745,9.000512308,0.399865925,Granite
11825G_P2_03_02.png,34.49500825,1.119170597,1.633766443,0.042405386,56.22790251,1.290933987,4.462975037,0.193476749,76.753897,0.646648339,3.540464674,0.380291881,67.64267097,1.012907014,4.370785493,0.383825985,Granite
11830C_P2_03_01.png,38.1514066,0.948599381,-1.261807111,0.110996337,73.41855169,0.413163772,3.488728445,0.262528879,52.44842575,1.586980305,2.01420467,0.287617489,62.63122302,1.246985832,2.820668781,0.338857295,Granite
12723I_P2_02_03.png,28.34078739,0.43413018,1.50527914,0.108068396,49.89333089,0.935340014,3.022742712,0.206139459,73.41935526,0.573442922,2.172972357,0.321748522,62.6012528,1.133757393,3.083886179,0.364043624,Granite
11825G_P2_01_03.png,29.58670034,0.746906905,0.628415504,0.04543241,52.80223721,1.103287744,1.374609291,0.201234463,65.0191859,1.206061157,1.483882653,0.335253695,74.48951312,0.971063281,1.660676083,0.418079432,Granite
11830C_P2_01_01.png,35.68899412,0.911048799,-0.710919213,0.094240566,52.26989027,1.177054774,0.821482019,0.201346928,73.63853635,0.700492793,2.180485207,0.338970835,63.58885355,1.282175765,1.887341512,0.36544167,Granite
11825G_P2_01_02.png,36.91120376,1.319516914,1.036063788,0.048950281,55.44000766,1.538570578,1.969678268,0.182823418,66.05895148,1.470796226,2.186079395,0.358763373,74.41574413,1.196399842,1.749823767,0.409462927,Granite
12723I_P2_02_02.png,30.82473566,0.192829594,2.652991589,0.098529957,51.50082103,1.03433796,3.89714626,0.225767913,75.69382103,0.48165189,1.547831433,0.32484436,64.09986003,1.091532097,3.159441289,0.35085777,Granite
12719I_P2.jpg,28.52365626,1.443348531,-0.368176119,0.083095562,53.41582535,1.341711334,1.68829883,0.202406617,78.17006846,0.604049201,1.75723329,0.336189398,67.16974864,1.312322571,2.562440659,0.378308423,Granite
11830C_P2_01_03.png,32.35055505,0.746385267,0.732856983,0.129009685,47.95743045,1.35997845,2.52768045,0.210199337,70.36735105,0.700362083,3.630183481,0.299093656,59.95661501,1.364799202,3.380202301,0.361697322,Granite
11825G_P2.JPG,32.11137721,0.892951595,0.83621203,0.062994105,54.94763947,1.188580128,2.576300613,0.204745605,75.91414223,0.852191449,2.228599766,0.360690264,66.67878182,1.122184757,2.888593755,0.371570026,Granite
11830C_P2_01_02.png,37.92233465,0.479227704,0.488563803,0.082421312,55.38729722,0.891245641,3.55431191,0.170306113,67.3493877,0.824983324,4.188775808,0.308166973,77.06731057,-0.286317515,3.60275949,0.439105602,Granite
11825G_P2_01_01.png,32.51576184,1.091843945,0.386947533,0.065687805,56.3449816,1.087682635,2.626288142,0.168571826,69.10424024,1.005364274,2.725215649,0.359693278,77.66583543,0.877715201,1.807431306,0.40604709,Granite
12723I_P2_02_01.png,27.85480905,0.581767414,-0.271536114,0.088985302,53.09042796,1.552489127,2.216273279,0.220134594,76.86212664,0.522840189,1.303312766,0.302352905,65.82911578,1.263574529,2.034012993,0.388527199,Granite
11826E_P2_03_03.png,36.35910477,-0.69676633,3.74708073,0.069489091,54.54784177,0.061403484,4.766710495,0.24210612,71.61053979,-0.069378805,3.845176783,0.341288814,63.09772557,0.084036155,5.072207239,0.347115976,Granite
11823G_P2_03_03.png,33.37140367,0.512826241,-0.004152689,0.083691213,69.83138718,0.617267234,4.236855434,0.239200378,49.10885579,1.227224832,4.078723458,0.258983683,59.54479965,1.021175643,4.919142238,0.418124725,Granite
11823G_P2_03_02.png,39.14266716,1.234827312,-1.653657179,0.073986306,55.01882675,1.358263591,1.627509141,0.235172766,73.85556368,0.645833004,3.034281263,0.293843607,64.51493888,1.285575563,2.497697854,0.396997321,Granite
11826E_P2_03_02.png,36.15162237,-0.557946306,3.328531255,0.089383161,53.63393322,0.124618606,4.539093255,0.212787769,72.75509612,0.079467108,3.671774604,0.345170763,63.85489908,0.137739868,4.878567575,0.352658307,Granite
11823G_P2_03_01.png,37.88597919,0.934162016,-1.366443769,0.107682437,73.07641214,0.444340118,3.509062207,0.248918165,51.80037526,1.696421498,2.143370158,0.292528779,61.75020926,1.350219233,3.034533133,0.35087062,Granite
11826E_P2_03_01.png,35.0475992,-0.580779488,2.972945966,0.090551871,53.23555337,0.20036278,3.948948455,0.19019911,64.86009977,0.228842623,4.097758593,0.348506786,73.89428285,0.104276452,2.975633859,0.370742233,Granite
12723I_P2.JPG,28.64368679,0.362093684,1.177548478,0.103185897,51.90072864,1.219506125,3.097382483,0.233150341,76.42376862,0.625903427,1.332697452,0.272555693,64.86338736,1.154530568,2.743156939,0.391108069,Granite
11826E_P2_01_01.png,35.88123038,0.654020703,-1.422538169,0.049334491,57.34116217,1.110104421,0.832875104,0.19398329,75.90607078,0.353206542,1.89892698,0.361746329,67.85996687,0.704013156,1.68420755,0.39493589,Granite
11823G_P2_01_01.png,36.20062765,0.960511718,-0.636510085,0.107533743,52.0525264,1.106810621,1.041196615,0.216879912,73.38017352,0.539472777,1.988266078,0.300403698,63.18972189,1.29115514,2.078498618,0.375182648,Granite
11823G_P2_01_03.png,31.91294981,0.49398406,0.493603,0.116072516,47.98995729,1.462118042,2.644797653,0.186986596,70.53830915,0.738501154,3.352556101,0.324999063,60.10229615,1.400958522,3.408927296,0.371941824,Granite
11826E_P2_01_03.png,40.99009172,0.622272802,1.209499837,0.047411883,56.06143548,1.241171876,2.990220293,0.228368123,73.16285531,0.425302902,2.875866316,0.332118282,65.53605445,0.719733506,3.271980966,0.392101712,Granite
11826E_P2_01_02.png,42.50615358,0.326621389,0.25461813,0.046908343,58.89663836,0.948936375,1.554163323,0.188762524,76.38161415,0.436673877,1.710543404,0.334260729,68.69812682,0.691476104,1.997000535,0.430068405,Granite
11823G_P2_01_02.png,39.86141122,0.659291514,1.475876655,0.095253037,56.01292603,0.960517688,3.44746206,0.198768534,67.19316973,0.903755861,4.13954923,0.299736332,76.87362577,-0.252821595,3.54426437,0.406242097,Granite
10714J_P2_03_01.png,25.81524178,-0.081888019,4.023924585,0.114503746,43.41720767,-0.662200274,7.32240803,0.195784546,67.08784645,-0.104970048,7.446667566,0.252309536,56.29024155,0.028700957,9.354531867,0.437402173,Granite
12719I_P2_03_02.png,29.44851238,1.387537833,-2.041372795,0.086205929,55.04244054,1.130091727,0.840824359,0.203574369,79.43480415,0.336279293,1.91462076,0.299064301,68.67945016,1.05213108,1.944356234,0.411155401,Granite
12723I_P2_01_02.png,25.05774564,0.128086977,0.55879704,0.127267343,48.19136563,1.12465836,2.267039586,0.181584111,62.41030945,1.51816587,2.204582088,0.341726232,74.29986873,0.838643669,1.306587646,0.349422314,Granite
11825G_P2_02_02.png,31.10367381,1.073745064,0.861334987,0.073611712,54.78924491,1.299448421,2.167288173,0.232114588,66.69897037,1.102453323,2.520281706,0.343741111,76.88809698,0.778097506,2.609135362,0.350532589,Granite
11830C_P2_02_01.png,34.83822986,0.41214632,-0.127511875,0.102141461,52.0528821,1.132979492,1.854455594,0.185895632,63.41206272,1.228500371,2.706613945,0.321446202,74.54679689,0.74041482,3.201430031,0.390516705,Granite
11825G_P2_02_03.png,32.29263483,0.923314663,0.128521182,0.065741142,53.73651236,1.115405867,2.171412893,0.178830159,64.70204176,1.10661531,2.519916347,0.358190588,73.46721108,0.895226362,2.174736078,0.397238111,Granite
12723I_P2_01_03.png,28.35851315,0.626992978,-0.625597492,0.093777127,51.01951312,1.268574142,1.873299989,0.20719401,73.68693771,0.578845615,1.712096515,0.328195077,63.17136255,1.307592507,2.534387517,0.370833785,Granite
12719I_P2_03_03.png,26.02356591,1.272094661,-2.851945932,0.091097762,50.72533843,1.13339323,0.105895427,0.172343551,65.34225513,1.273640503,1.846607469,0.356496557,77.28081758,0.61388833,1.615572262,0.38006213,Granite
10714J_P2_03_02.png,38.22785447,-0.837419713,6.019927815,0.161292071,21.68162131,-0.660741736,3.019277206,0.214849151,62.98351253,-0.257036256,8.259704039,0.25968364,52.51344212,-0.209515563,8.875507081,0.364175139,Granite
12719I_P2_03_01.png,27.32989367,1.647414677,0.356132239,0.075040235,51.19545287,1.454929674,2.653836916,0.196511715,74.82783679,0.838761615,3.545749134,0.358718841,64.18417062,1.626994743,4.65410747,0.369729209,Granite
12723I_P2_01_01.png,31.09412044,1.154159044,-1.271012058,0.067340427,56.16191416,1.729124594,1.741507921,0.224977281,83.82397342,0.916291345,-0.233063633,0.304591991,70.40596897,1.244277799,1.862569573,0.4030903,Granite
11825G_P2_02_01.png,33.01328397,0.703465491,1.486116093,0.067716901,55.15378955,1.059671902,2.926090483,0.217005751,67.35174991,1.069185147,2.785239907,0.350181652,77.22497188,0.895924092,1.686728246,0.365095696,Granite
11830C_P2_02_02.png,35.38898219,0.809811471,1.672673145,0.107176708,51.05164103,1.459494991,3.633641301,0.233699623,73.44166653,0.543720307,3.263725782,0.301714946,62.39129681,1.348427236,3.630568769,0.357408724,Granite
11823G_P2.jpg,35.33551168,0.754080516,0.149880098,0.097546655,51.55255485,1.413534231,2.913651176,0.233645408,73.73907948,0.471491816,3.245028524,0.300593199,62.63913855,1.292140631,3.461123307,0.368214738,Granite
11830C_P2_02_03.png,33.53729986,0.752273096,0.611749365,0.113190619,50.29974688,1.823245784,3.940754497,0.232856713,73.4002301,0.746995793,3.626933121,0.273189286,61.59532634,1.575068485,4.53775221,0.380763383,Granite
10714J_P2_03_03.png,22.08779216,-0.051361857,2.923494853,0.144322188,38.25051655,-0.389284622,6.433826457,0.208450416,60.43676772,-0.301627795,8.675765268,0.268078011,50.32672973,-0.329824837,8.835422441,0.379149385,Granite
11830C_P2.jpg,35.32082243,0.773655692,0.121699567,0.100665442,51.89240215,1.361409309,2.758802972,0.232353462,74.06298598,0.457764572,3.254681127,0.305093306,63.05986361,1.265871535,3.372659578,0.36188779,Granite
12719I_P2_01_01.png,30.89034613,1.409302118,1.543378749,0.080517816,53.08980916,1.21551525,2.423945259,0.211072124,76.72955608,0.659557523,1.604833674,0.346660491,66.03873905,1.084843387,2.445756502,0.36174957,Granite
12723I_P2_03_01.png,28.69572076,0.718130943,0.105308876,0.097748933,50.42017125,1.233541898,2.813291037,0.198418511,72.94373101,0.706889543,2.325443544,0.341144703,62.37622605,1.425563085,3.381341438,0.362687853,Granite
10714J_P2_01_02.png,22.41923103,0.151533666,0.66572547,0.148256179,39.92737736,-0.009011662,5.012752565,0.183810723,63.87157361,-0.483937236,8.124738397,0.279890821,52.7947558,0.446118714,8.580118793,0.388042278,Granite
10714J_P2_01_03.png,23.69088602,0.446797588,0.213363521,0.104794948,40.23652434,-0.079620548,5.266989492,0.19221748,61.73399863,-0.571752577,8.4611432,0.280067316,51.84999895,0.332389574,8.880340595,0.422920257,Granite
12719I_P2_01_02.png,31.27183941,1.563073708,2.174351612,0.072240624,55.44287909,1.902884244,2.883036038,0.233426903,78.27763963,1.00501563,1.231207695,0.3267404,67.69253489,1.796126275,2.927566875,0.367592073,Granite
12723I_P2_03_02.png,27.79983326,-0.102546437,3.659290649,0.112222177,50.48754286,1.119785396,4.396695631,0.206732291,73.39374481,0.546706154,1.601738772,0.317037512,62.79761642,1.170120398,3.122667321,0.36400802,Granite
10714J_P2_01_01.png,24.8542249,0.159213822,1.510595729,0.114948081,41.96541699,-0.252340362,5.727022304,0.196064771,63.22135614,-0.164375852,8.970627162,0.282830863,53.64334369,0.499503445,8.845012757,0.406156285,Granite
12723I_P2_03_03.png,29.35206076,0.084189075,2.50597383,0.106529518,49.29339765,0.785968623,4.136356512,0.212150291,70.90450588,0.358918872,2.432978749,0.283771656,60.75865844,0.985498755,4.147546911,0.397548534,Granite
12719I_P2_01_03.png,29.30271802,1.475907243,1.131341992,0.081351523,53.14988558,1.135331272,1.412950455,0.20154016,66.92007411,1.276968329,1.97557722,0.347788944,77.83447367,0.587795552,1.448802494,0.369319373,Granite
11825B_P2_02_04.png,37.35781241,1.04498817,2.921707308,0.167835149,73.432486,0.242383586,4.676878186,0.234753928,49.61841032,0.275554784,4.28871322,0.289632581,61.04527939,0.191674289,4.305005345,0.307778342,Diorite
10714M_P1_Cleaned.jpg,62.2211403,-1.562171063,7.616298659,0.132654627,29.01586845,-0.252352113,1.836289764,0.256915315,49.33128317,-1.152279253,5.379428689,0.278813677,38.8127728,-0.68087928,3.459008596,0.331616381,Diorite
11825B_P2_02_02.png,70.61298367,0.015542377,4.04148699,0.20216452,36.90056896,0.71565453,1.660367729,0.202745509,48.40740054,0.102002032,2.935071014,0.27845418,58.91844628,0.062460878,2.986946784,0.316635791,Diorite
10719Q_P2.JPG,39.72929895,1.285355676,4.055183001,0.145861212,81.33106484,-0.634566591,4.14972414,0.229065794,67.71890679,-0.388241695,4.741955886,0.309168532,54.6629,0.300376106,4.253399506,0.315904462,Diorite
11825A_P2.JPG,34.82566695,0.798054245,2.859228746,0.10562148,54.30389881,0.407144646,3.204168389,0.213669837,79.62620465,0.4248996,1.997257888,0.335108688,68.32385566,0.353847325,2.763955935,0.345599995,Diorite
11825B_P2_02_03.png,38.78617123,0.786782439,2.321175931,0.160247768,51.2998504,0.193532802,3.35819131,0.260763302,73.08331445,-0.047274571,3.666088701,0.261886246,61.98553759,0.21627118,3.224592263,0.317102683,Diorite
11825B_P2_02_01.png,69.25650997,-0.072101445,3.826545529,0.197644219,35.23116994,0.424457295,0.636193504,0.208093006,57.43989828,0.052323073,2.41913894,0.296942228,46.46747764,0.008927876,2.309067018,0.297320547,Diorite
11828J_P2.JPG,37.57827132,0.204835161,2.700990048,0.160512778,79.52725608,0.443798288,2.285759617,0.239040569,53.00664903,-0.19930277,3.039974928,0.298178492,66.16123931,0.095186667,2.726836127,0.302268162,Diorite
10714M_P1_Cleaned_02_02.png,61.25853559,-2.070086409,7.885214268,0.108731,48.94298765,-1.233123164,5.027066847,0.258780809,28.70834668,-0.450521113,2.059497771,0.309322279,38.27880369,-0.828666218,3.330036246,0.323165912,Diorite
11825A_P2_01_02.png,37.96696784,0.902623973,1.561963269,0.105141359,56.61373158,0.835914719,1.486720076,0.186327272,81.14327293,0.878905731,1.136699966,0.330464259,70.11243776,0.833014023,1.16309344,0.37806711,Diorite
11828J_P2_01_01.png,39.5828646,0.517115906,0.990744099,0.166609848,79.1722907,0.446065201,1.806048587,0.240753517,53.80161697,-0.074204218,1.939293101,0.28570211,66.67146867,0.229611912,1.814498044,0.306934524,Diorite
11828J_P2_03_04.png,38.04230333,-0.336461306,5.385328044,0.144223485,76.81334253,0.360576487,3.456203483,0.212104978,53.1142267,-0.424400294,4.949810804,0.315512716,64.58341067,-0.115822298,4.55978033,0.32815882,Diorite
10719Q_P2_03_03.png,40.78256099,0.80810783,6.008662841,0.156472023,81.1417816,-0.426484042,4.416296914,0.221043566,55.00852794,0.097936839,5.216158419,0.302843948,67.51726165,-0.277051413,5.052394382,0.319640464,Diorite
12719J2_P2_Cleaned_02_01.png,66.36056863,-0.081765513,2.894119675,0.180514381,32.15520606,0.488894743,3.391240349,0.202037559,43.95800222,0.098403948,3.116690388,0.289490042,54.22203229,0.09083114,2.45452856,0.327958018,Diorite
10719Q_P2_03_02.png,44.25075242,1.129385366,5.0939286,0.127289134,82.26304406,-0.399417085,3.435658634,0.240918948,57.9249512,0.339943908,4.131674821,0.292755287,69.89392646,-0.118090291,4.384997596,0.339036631,Diorite
11825A_P2_01_03.png,36.23387265,1.099574161,1.600349806,0.101425596,55.32821456,0.938794067,1.28238156,0.18973371,69.03439128,0.834425114,1.046006913,0.336146361,78.58255243,0.799647644,0.606676658,0.372694333,Diorite
10714M_P1_Cleaned_02_03.png,64.36143779,-1.382158804,7.69904259,0.151081333,28.14029636,-0.436919754,1.905561402,0.271223368,39.53509128,-0.868237884,3.833409236,0.287162184,51.01341048,-1.234665919,6.003092685,0.290533115,Diorite
11825A_P2_01_01.png,38.38936718,1.291361312,0.040992,0.099918754,55.95884634,0.794573316,1.242930684,0.185123339,70.20182578,0.71044866,1.389510568,0.353879347,81.12318635,0.590517285,1.025601968,0.36107856,Diorite
10714M_P1_Cleaned_02_01.png,60.83888661,-1.320775255,6.032539206,0.15180115,30.3210228,-0.186327924,1.854343332,0.262283492,49.48990384,-1.013822499,4.637521798,0.2623092,39.58219812,-0.68849752,3.258821877,0.323606157,Diorite
11828J_P2_01_02.png,36.90847976,0.273119633,3.756605188,0.115478896,76.94524642,0.668531275,0.669450708,0.245718344,52.86586344,0.105155699,2.5952713,0.305270563,64.37396809,0.489280655,1.192562851,0.333532197,Diorite
12719J2_P2_Cleaned_02_02.png,68.1170563,-0.322245428,4.091048595,0.17184773,31.4842532,0.793844878,3.080194142,0.200229517,43.54749536,0.280182886,3.124035023,0.29005188,54.52055502,-0.113286587,2.954513088,0.337870873,Diorite
11825A_P2_03_04.png,32.02174216,0.700357435,3.507489877,0.100966099,52.17406846,0.568518295,3.49197143,0.177288789,68.18330576,0.076147724,4.956586034,0.327105311,78.87971085,0.077271917,4.290135777,0.394639802,Diorite
12719J2_P2_Cleaned_02_03.png,66.70310714,-0.208288437,3.833247403,0.169654171,29.82381811,0.459645723,1.866873272,0.186392761,42.99363589,0.10024174,2.036538716,0.295266813,53.77528304,-0.135785616,2.342897055,0.348686255,Diorite
10719Q_P2_03_01.png,41.16613929,1.618823953,5.546959812,0.125272775,83.00685238,-0.564737757,4.284411079,0.243877724,56.83422596,0.233814275,5.33029952,0.309765677,69.78789446,-0.226539697,4.037958197,0.321083825,Diorite
10719Q_P2_01_04.png,36.04725129,1.399950736,2.895233179,0.175943675,77.42494876,-1.100300706,5.418503135,0.210465398,63.11377594,-0.676025514,6.107300429,0.291946685,50.88245625,0.425975485,3.940652037,0.321644242,Diorite
11828J_P2_01_03.png,38.69883968,0.853905572,3.66488398,0.121400162,79.44018535,0.734824754,1.396286595,0.249525162,66.24976586,0.350090337,2.300642693,0.30559118,53.48112936,0.237658637,2.469850182,0.323483496,Diorite
11825A_P2_01_04.png,40.60204873,1.184471044,2.07560483,0.075512795,57.0495476,0.629422264,2.724329265,0.238812598,77.05100501,0.638956536,1.424186105,0.303081838,67.52245282,0.520955208,2.220434524,0.382592769,Diorite
12719J2_P2_Cleaned.jpg,66.86157739,-0.291187501,3.825572778,0.179598504,30.36623053,0.604826459,1.857976976,0.199981042,43.1451057,0.202542023,2.326344511,0.29050826,54.01911423,-0.06313447,2.563328598,0.329912194,Diorite
10714M_P1_Cleaned_02_04.png,63.43871141,-1.714024406,8.068154599,0.129981683,29.2121733,-0.2762057,1.84410714,0.261120216,50.28645507,-1.38415239,5.776607226,0.283145345,39.55672315,-0.924484799,3.9388238,0.325752756,Diorite
11828J_P2_03_02.png,36.10972646,0.134135061,1.056400646,0.158061418,53.23233156,-0.490124638,2.404694491,0.236179654,68.5982907,0.014882197,2.606178917,0.28097132,82.80512689,0.359417635,2.941578233,0.324787608,Diorite
11825A_P2_03_01.png,34.00204105,0.50667057,3.390579954,0.11755676,51.29900996,-0.279390847,5.028720091,0.230249014,76.92416059,-0.044283369,3.222637295,0.31753032,64.69840604,-0.261122076,4.582680224,0.334663906,Diorite
10719Q_P2_03_04.png,37.02008693,1.011924686,5.083411596,0.140791767,77.96666689,-0.627123639,5.235102058,0.243787371,64.90106413,-0.686880763,6.648034857,0.301673933,52.15171944,-0.013745695,5.844094063,0.313746929,Diorite
11828J_P2_03_03.png,36.50748741,-0.181843753,4.066799304,0.155974026,77.68861452,0.12703834,2.7398043,0.241879058,51.76315137,-0.551420425,4.082077179,0.27785579,64.59797909,-0.192086884,3.355865227,0.324291126,Diorite
10719Q_P2_01_01.png,44.51647755,1.724128974,1.986886921,0.178821247,81.60482107,-0.969106199,4.03025764,0.214977332,68.64925992,-0.386283187,3.360415802,0.279285822,56.52013002,0.444023617,2.836836497,0.326915599,Diorite
11828J_P2_01_04.png,38.18421138,0.49619439,3.256235011,0.184642857,75.59345713,0.206996627,1.959878684,0.187505411,62.53189221,0.013140166,2.938047496,0.295155574,50.86155436,-0.049413571,2.822485111,0.332696158,Diorite
10719Q_P2_01_03.png,40.7287752,1.56670623,1.716580613,0.15769236,80.57749816,-0.843004874,5.899849732,0.220467137,67.43077333,-0.387040945,5.397907695,0.287382141,54.87978809,0.343180083,3.502805541,0.334458362,Diorite
11828J_P2_03_01.png,34.6443586,0.156697476,-0.180254517,0.209025974,79.13100872,0.323492096,4.443786042,0.211352814,64.03815589,-0.334015378,4.0140515,0.277180736,49.9443322,-0.315775503,1.901539518,0.302440476,Diorite
12719J2_P2_Cleaned_02_04.png,65.54990116,-0.343919954,4.155388212,0.187653908,29.90013148,0.538644555,0.930461377,0.22010902,42.50636176,0.37704936,1.571629495,0.289200158,53.13440053,-0.023131601,2.49693612,0.303036914,Diorite
11825A_P2_03_02.png,59.18402579,-0.346018435,18.62489098,0.075173948,38.88734243,0.721806609,4.113577614,0.11189006,62.23364362,0.381307564,3.288918917,0.27275376,77.88784142,0.199855483,3.216924769,0.540182233,Diorite
11825A_P2_03_03.png,33.14792915,0.287239601,4.09093983,0.107413174,53.24650423,0.105676719,3.442111839,0.17582687,68.32652148,0.224859466,3.237467826,0.341800227,79.65135525,0.369586117,2.019393048,0.37495973,Diorite
10719Q_P2_01_02.png,39.13498886,1.684205007,2.192906496,0.130850645,80.64360316,-0.697596741,3.516137559,0.225314177,66.80950207,-0.206799823,2.98691574,0.307741311,54.22429283,0.507009932,2.878976369,0.336093867,Diorite
11825B_P2.JPG,36.01699351,0.904871873,1.444507604,0.177504335,71.40660605,0.183145252,3.207454141,0.214792028,48.29196489,0.29576915,2.860274032,0.288370872,59.51522386,0.241673709,2.609505231,0.319332765,Diorite
11825B_P2_01_03.png,35.51261624,1.496857514,-0.041014403,0.159362023,71.65614213,0.327720117,2.573264341,0.22279487,48.45584099,0.698363057,1.3285093,0.2785968,59.88795643,0.426647561,1.652930386,0.339246306,Diorite
11825B_P2_01_02.png,34.81237314,0.973055223,0.227559442,0.153444046,69.3946647,0.351868231,3.836057877,0.245996883,47.05315254,0.566555485,1.877566689,0.27432871,58.16961301,0.51160517,2.339773571,0.32623036,Diorite
11825B_P2_03_04.png,69.37550696,0.0819389,3.096970105,0.177675925,36.79620308,0.655242631,4.520433453,0.188031635,47.80749849,0.203395421,5.113369568,0.308884772,57.88404505,0.180253144,3.785419314,0.325407668,Diorite
11825B_P2_01_01.png,70.41045056,0.147669282,3.691099491,0.189178599,38.18329065,0.782212398,-0.578812304,0.191805809,48.78178656,0.117793649,1.835972139,0.302127589,59.27497948,0.188769791,2.163200006,0.316888003,Diorite
11825B_P2_03_01.png,34.11027969,1.243143808,0.455481202,0.184706338,71.28924908,0.19514591,1.982323381,0.206060297,47.4981775,0.397800407,1.659497308,0.290207565,59.25028773,0.329730829,1.194982157,0.319025801,Diorite
11825B_P2_01_04.png,34.21426094,1.130773619,0.66430314,0.169180281,71.69091755,0.479255497,1.545822659,0.234818482,47.36629313,0.602310914,1.915430069,0.29110532,59.33705855,0.44741784,1.859520939,0.304895917,Diorite
11825B_P2_03_03.png,36.73806559,0.803555245,3.72449637,0.155608867,71.68056181,0.083134099,2.978839739,0.233114549,48.58589989,0.06754391,4.159251748,0.2843046,59.69510242,0.052427603,3.064156872,0.326971983,Diorite
11825B_P2_03_02.png,33.66396535,0.915175705,1.957601859,0.167582937,70.96922319,0.303221575,2.250731492,0.241009689,46.46219435,0.420562354,3.127286378,0.271818599,58.58351072,0.285675942,2.216664066,0.319588774,Diorite
10719Q_P2_02_01.png,42.69935106,1.478135328,3.713064026,0.173943327,83.46507531,-0.322517212,2.099161691,0.208769277,56.32710251,0.632820163,3.242232979,0.305660904,69.4357007,-0.232973439,3.645314025,0.311626492,Diorite
12719J2_P2_Cleaned_03_03.png,66.32662085,-0.551493006,4.985409264,0.185361728,29.2113134,0.41800926,1.064838263,0.250660459,41.23826391,0.063658555,2.459042654,0.254793554,53.29167668,-0.179539185,3.157645371,0.309184259,Diorite
10714M_P1_Cleaned_03_01.png,64.16800802,-1.272270838,6.569852501,0.165535525,30.68850924,-0.233999877,2.209485457,0.247887143,51.96314629,-0.900512789,5.69178961,0.292178412,41.2087101,-0.471018696,3.70105631,0.29439892,Diorite
10714M_P1_Cleaned_01_04.png,58.38411412,-1.947290954,8.667873953,0.114762685,29.39519736,-0.048603063,1.764251678,0.240785372,47.07937506,-1.361324576,5.968965247,0.291661043,38.07660748,-0.559248404,3.797205228,0.352790899,Diorite
11825A_P2_02_04.png,33.25648236,0.529447524,2.189054816,0.099296251,54.31231676,0.241108996,2.637634256,0.232438683,68.64571558,0.239461365,2.387414058,0.326992362,81.39935188,0.308209871,2.066869708,0.341272704,Diorite
12719J2_P2_Cleaned_03_02.png,68.14228352,-0.386382923,4.367549102,0.188135056,30.57415396,0.969974864,1.37746016,0.18906448,44.02921373,0.33625754,1.891355526,0.291277165,55.05853334,-0.205422293,2.763918514,0.331523298,Diorite
10719Q_P2_02_02.png,37.73205628,1.307882227,5.215778223,0.129143087,83.06943913,-0.47034915,2.61444218,0.260335702,54.73290495,0.295592871,4.789012705,0.292007301,68.51264437,-0.261386355,3.349179575,0.31851391,Diorite
10714M_P1_Cleaned_03_03.png,58.0484792,-1.716416271,6.305249179,0.123474405,46.59201711,-1.126660972,4.825769737,0.266081815,27.90437295,-0.405584098,2.184138686,0.278546868,37.20565972,-0.75574738,3.451597078,0.331896912,Diorite
12719J2_P2_Cleaned_01_04.png,63.12248072,-0.518140508,3.786243219,0.159009133,28.70978187,0.664567264,1.590299568,0.205375714,40.44733542,0.1973944,1.950969517,0.303010017,50.95197534,-0.062170491,2.312351126,0.332605135,Diorite
10714M_P1_Cleaned_03_02.png,57.33637176,-1.58830073,5.849616847,0.105022655,45.38714268,-1.201613439,4.259021707,0.242093255,27.69742635,-0.378552266,1.671682577,0.298290433,36.05551429,-0.727409077,2.724156505,0.354593657,Diorite
12719J2_P2_Cleaned_03_01.png,68.38895836,-0.362652325,3.71361592,0.191840797,30.07474182,0.666200451,0.733837932,0.193855046,43.14570011,0.256074471,1.569226401,0.27680087,54.75037271,-0.05726461,2.363627972,0.337503287,Diorite
11828J_P2_02_04.png,37.19090529,0.56551659,4.90439083,0.159977002,76.27060771,0.347716576,2.887798215,0.227367424,63.84876133,0.078858956,3.760064353,0.306212121,51.56040554,-0.173385401,4.23272554,0.306443452,Diorite
10719Q_P2_02_03.png,39.11611563,1.029118616,4.442727485,0.150417225,82.01819659,-0.804894322,5.117256354,0.254534808,54.84115404,0.108449389,4.494219522,0.28779502,68.70047603,-0.690175658,5.724260324,0.307252947,Diorite
10714M_P1_Cleaned_01_03.png,59.89534833,-1.787956462,8.281484974,0.136000514,30.26502981,-0.054263393,1.8632994,0.241003888,48.62413664,-1.256663832,5.73872684,0.284119027,39.05607011,-0.656293462,3.629269398,0.338876571,Diorite
11825A_P2_02_03.png,35.86817636,0.581431769,4.897889426,0.090973967,55.16109489,0.418591308,3.639845654,0.203685473,69.0279392,0.221154636,3.151863599,0.344535388,80.0687542,0.420729787,2.119260702,0.360805172,Diorite
12719J2_P2_Cleaned_01_01.png,31.87175366,0.4494857,4.064773859,0.175221747,66.63868832,-0.195469041,2.489981773,0.182710928,44.02479935,0.084203698,3.029237161,0.283674421,54.13492234,-0.015142853,1.989718251,0.358392904,Diorite
11825A_P2_02_02.png,32.96587029,1.125990027,3.799780526,0.117377069,51.97150332,0.680982416,2.469370654,0.230649469,79.01569952,0.439584693,1.334703383,0.318587933,66.31016835,0.62173546,1.702202378,0.333385529,Diorite
10714M_P1_Cleaned_01_02.png,65.66723506,-1.393637881,8.738554972,0.166316398,32.5855566,-0.01168063,1.825609132,0.250670009,53.89921862,-1.025517164,6.014810771,0.275478004,43.20413929,-0.610873501,3.831521787,0.307535589,Diorite
12719J2_P2_Cleaned_03_04.png,27.79532987,0.511356725,0.615125303,0.18737,65.40594211,-0.341149189,5.346963391,0.19332907,40.938389,0.184295269,1.863195607,0.276122481,52.15894493,-0.129773175,3.031921588,0.343178449,Diorite
11828J_P2_02_01.png,36.79548535,0.235000929,0.689080621,0.150865801,53.50446709,-0.174451906,2.234994039,0.212510823,69.21958791,0.339579339,2.946071789,0.301135011,81.34722406,0.715763002,2.725938235,0.335488366,Diorite
10719Q_P2_02_04.png,38.29549826,0.914405317,4.839625977,0.14774552,79.78732656,-0.786787526,5.543924977,0.236252613,66.29795892,-0.553550112,5.959459906,0.294326744,53.15720382,0.141975529,4.761539057,0.321675122,Diorite
11828J_P2_02_03.png,37.13397535,0.230775199,3.8007106,0.144671266,78.51220226,0.183551299,1.790153536,0.247310606,52.64228244,-0.134894335,3.208809191,0.284630682,65.50855573,0.03615386,2.470501184,0.323387446,Diorite
12719J2_P2_Cleaned_01_03.png,31.94917407,0.952859805,1.822868132,0.160694647,65.90635577,-0.237253421,3.161636471,0.198663543,44.15271356,0.41505811,1.939458249,0.293183829,54.07885735,0.057703264,2.274950084,0.347457982,Diorite
12719J2_P2_Cleaned_01_02.png,31.36135636,0.498361174,3.263110407,0.195116193,67.5147343,-0.019148723,3.046105652,0.213468573,43.93992564,0.151107051,2.645392234,0.285596026,54.6240574,0.072086652,2.290386839,0.305819208,Diorite
10714M_P1_Cleaned_03_04.png,57.03497527,-1.976309719,6.835115868,0.118487098,45.83699413,-1.310295186,4.848240286,0.267428259,26.85187232,-0.224569306,1.420463906,0.274035155,36.33629499,-0.697663964,2.970511563,0.340049487,Diorite
10714M_P1_Cleaned_01_01.png,66.54018844,-1.634006208,8.978924735,0.120620843,32.43757543,0.086567172,1.794188531,0.265558019,52.81730259,-0.971890805,6.126470638,0.277161863,42.44747148,-0.483222274,3.931653357,0.336659276,Diorite
11825A_P2_02_01.png,32.95559912,0.930876076,2.100429776,0.161582466,52.09883108,0.219259757,2.794576108,0.251587382,77.55866823,0.054729858,2.387090042,0.256741962,65.15683719,-0.108743193,3.363893819,0.33008819,Diorite
11828J_P2_02_02.png,38.97857642,-0.223995424,2.84658667,0.150127165,81.15989895,0.383906854,1.240132847,0.270449134,54.43535599,-0.494577143,2.45725206,0.284991883,68.28280002,0.121508888,1.383933313,0.294431818,Diorite
12719J_P2_03_03.png,75.2251422,-1.340017066,4.417338496,0.151140371,56.53005983,-0.945311679,5.035234729,0.243955436,26.6668098,0.040225991,3.811829443,0.258997188,40.7990536,-0.451199887,5.539109261,0.345907005,Gabbro
10719CC_P2_02_01.png,74.74655609,-0.191075357,2.241883471,0.150534204,34.24360832,0.249784516,3.37684048,0.244535352,60.96937776,0.08046306,1.188467622,0.283236543,47.51731432,0.151706954,2.080071539,0.321693902,Gabbro
12719J_P2_03_02.png,82.73569225,-1.922669843,5.433488583,0.233829685,63.13012912,-1.428487198,4.927623403,0.239184871,27.84138292,0.74085567,-1.177722014,0.239642776,44.40989372,-0.290496229,2.004732505,0.287342667,Gabbro
10719CC_P2_02_03.png,71.32568938,-0.525668793,4.084664366,0.191535786,57.39242631,-0.335623998,2.388754322,0.23892301,32.01311156,-0.043805235,2.275609104,0.255100989,44.29831219,-0.324108529,2.272142373,0.314440215,Gabbro
12719J_P2_01_04.png,69.20666551,-1.087013511,1.271741228,0.120135298,50.11518201,-0.883504,2.544083764,0.229208875,22.87887355,0.011046767,1.587031136,0.274858273,35.89159261,-0.361368632,2.588874423,0.375797554,Gabbro
10719CC_P2_02_02.png,75.09035946,-0.260625693,2.935658405,0.173032336,61.25673034,-0.067142226,2.310105263,0.256639227,34.074359,0.06636752,3.488664332,0.269018983,47.0376578,-0.140191788,3.08288762,0.301309453,Gabbro
12719J_P2_03_01.png,63.7534353,-1.791640027,5.607841909,0.217425738,29.32141132,1.192054933,-2.454549728,0.231594878,45.66963557,0.031493376,1.193062678,0.256713422,82.777054,-1.769480879,4.48625656,0.294265962,Gabbro
12717B_P2.jpg,74.6756998,-0.249894694,2.681481916,0.116396856,44.97302455,0.789178672,2.160773306,0.261229129,63.02605372,0.155374667,1.639030897,0.270802023,53.74047271,0.616843391,1.359466964,0.351571992,Gabbro
12719J_P2_01_01.png,61.32865567,-1.102365249,2.346409526,0.189772876,24.7314221,1.188096219,-2.603260519,0.236957264,40.99597628,1.190895593,-2.744663316,0.255568659,81.65139654,-0.884549564,1.647546612,0.317701201,Gabbro
12719J_P2_03_04.png,74.48159974,-0.751384611,0.923037888,0.163595966,31.54940953,-0.440863928,5.481164863,0.244636534,58.67362257,-0.799285609,2.931374021,0.261521426,44.92325392,-0.879508585,5.700286143,0.330246074,Gabbro
12719J_P2_01_03.png,70.25584763,-2.092757433,2.6808298,0.122374425,50.89370372,-0.661844468,1.325619277,0.228468739,22.14238261,0.285115415,-0.274537472,0.27924869,35.77864418,0.143817119,0.436653331,0.369908145,Gabbro
12719J_P2_01_02.png,78.73797128,-2.028064974,3.761774506,0.192235196,57.94187424,-0.970989815,2.584211808,0.210040218,23.23852332,0.864531264,-1.384721914,0.272260597,38.53085335,0.492714111,-0.09267123,0.325463989,Gabbro
10719CC_P2_02_04.png,68.68428864,-0.503672786,5.218536841,0.170368286,29.42569699,-0.310171722,2.618429702,0.244023999,53.78956768,-0.666120637,4.215502968,0.266223959,41.34490338,-0.660283075,3.454841459,0.319383757,Gabbro
10715B_P1_Cleaned_03_01.png,61.03702261,-2.118432295,8.162745688,0.191319071,30.66428608,-0.615839235,5.447313504,0.220823333,40.46016747,-1.559263504,7.199436046,0.289597644,50.73907216,-2.02933424,8.42987692,0.298259952,Gabbro
12717C_P2_02_01.png,75.20148202,-0.628482817,4.381709007,0.190866538,35.76001252,1.756833517,-0.183900757,0.227439641,62.27938911,0.167310842,2.634060309,0.271055439,49.03730429,0.735801544,1.419740764,0.310638382,Gabbro
10715B_P1_Cleaned_01_04.png,61.52743551,-2.048072172,7.956643445,0.112620348,48.899961,-1.807746973,6.571532334,0.241651494,29.4731579,-0.666763992,4.337621109,0.29868755,38.39342992,-1.342680099,5.388568912,0.347040608,Gabbro
10715B_P1_Cleaned_03_02.png,62.48876558,-1.600994957,8.716820606,0.158228503,29.27605507,-0.433860371,5.763222933,0.256065685,51.05654129,-1.284018855,8.020386589,0.266228034,39.44950457,-0.805799211,7.630608207,0.319477779,Gabbro
12717C_P2_02_02.png,74.50855075,-0.271577258,3.929077955,0.194717377,35.43965403,1.594329223,0.71206278,0.198598917,49.41952975,0.893250263,1.571519205,0.296231726,62.31239866,0.250046442,2.84425736,0.31045198,Gabbro
12717B_P2_02_04.png,68.17212161,-0.198048287,3.234604748,0.126930925,57.53875123,0.194335634,3.036500236,0.250885546,42.10429093,0.765932516,3.059396776,0.255891395,49.51022483,0.544792125,3.120855308,0.366292135,Gabbro
12717C_P2_02_03.png,34.08145164,1.377873516,2.437997276,0.204797321,71.67437416,-0.222226172,3.576390323,0.206194237,59.30642541,0.366041563,3.021869478,0.277874451,46.81470829,0.714872989,2.719800339,0.311133991,Gabbro
10715B_P1_Cleaned_03_03.png,67.67855712,-1.100320733,7.948414392,0.139527987,52.97171294,-1.371806493,7.832699256,0.244661922,40.14496335,-1.182311156,6.81761524,0.292894287,29.00797582,-0.989557344,5.680592638,0.322915805,Gabbro
10715B_P1_Cleaned_01_02.png,64.01604179,-1.759677497,7.858784791,0.156124997,30.51270499,-0.517094064,5.484314169,0.247768904,52.35630022,-1.627412156,7.707449186,0.285735469,41.11107669,-1.32938033,7.504007703,0.310370631,Gabbro
10715B_P1_Cleaned.jpg,63.81987625,-1.854515509,8.399382375,0.142005576,29.89593354,-0.780804232,5.357744126,0.263139863,51.88048236,-1.628261656,7.624694456,0.28283975,40.65919689,-1.277641605,6.765412697,0.312014812,Gabbro
12717B_P2_02_01.png,77.98507974,-0.66392798,2.940403623,0.141329543,49.09532994,0.985743239,-0.58990696,0.26450336,66.94586378,0.051441669,1.001986615,0.276214054,57.97068646,0.453108554,0.063909619,0.317953043,Gabbro
10715B_P1_Cleaned_01_03.png,62.83093844,-1.753086865,8.82470836,0.15476289,30.68995598,-0.787422912,5.229308635,0.24682405,51.67990474,-1.531425273,7.583404117,0.277414549,41.12072505,-1.348435238,7.14071604,0.32099851,Gabbro
12717C_P2_02_04.png,68.72768354,-0.244398872,3.14581477,0.200464031,33.11530875,1.349625222,3.083514037,0.22729052,55.66572306,0.08395541,3.116318964,0.260714532,44.55695105,0.618081161,2.942088917,0.311530917,Gabbro
10715B_P1_Cleaned_03_04.png,62.86932793,-1.450177291,7.599855273,0.162028608,49.95879792,-1.549192288,6.837306502,0.254082871,37.74338463,-1.306515478,6.025122759,0.288032084,26.62506411,-0.654902556,4.756904356,0.295856437,Gabbro
10715B_P1_Cleaned_01_01.png,65.35403406,-2.212922971,8.438970891,0.170163315,37.21137886,-0.442401309,5.946016312,0.19917446,46.67835799,-1.079709492,6.792477123,0.304832547,55.23733183,-1.515823919,7.313578743,0.325829678,Gabbro
12717B_P2_02_03.png,70.79624831,-0.148021371,3.291174789,0.121980847,41.40984644,0.549662421,3.212313266,0.235201458,59.51988253,0.017508478,2.600147723,0.281199499,50.34254161,0.425074579,2.464579154,0.361618195,Gabbro
12717B_P2_02_02.png,75.83363015,-0.193567944,2.550990655,0.133988084,45.21778681,0.777215982,1.861274677,0.231685121,64.12701737,0.170959675,1.533975559,0.281574938,54.31824328,0.716551168,0.856893989,0.352751857,Gabbro
12719J_P2_02_01.png,64.33955713,-0.60565703,1.704030886,0.215376685,26.58383572,1.662654036,-4.196721176,0.218564741,44.05384884,0.846506369,-1.814647297,0.236804629,82.27453684,-1.285503898,3.665945718,0.329253946,Gabbro
10719CC_P2_03_02.png,31.71913563,-0.113526763,4.079932186,0.218697402,70.42392203,-0.211185086,2.852416581,0.218705762,56.84403253,-0.12103502,2.61827655,0.258412939,44.50113208,-0.164753943,3.433546101,0.304183898,Gabbro
10719CC_P2_03_03.png,31.03659998,0.174991471,2.23826738,0.222821665,70.16268176,-0.446969535,3.285189008,0.224536856,55.97217507,-0.202370527,2.517287862,0.257879293,43.22487809,-0.03795621,1.977160841,0.294762186,Gabbro
10719CC_P2_01_04.png,73.38797408,-0.243045062,3.822970778,0.188505289,29.80705904,0.02502364,1.696316345,0.192950018,59.95674052,-0.412871967,2.215781516,0.304158818,45.76848101,-0.276839844,1.476640512,0.314385875,Gabbro
12719J_P2_02_02.png,79.27182161,-1.800007231,3.793458958,0.193588752,57.79157472,-0.939953633,2.385266757,0.225642111,21.50764078,0.525881897,-0.821787886,0.25030707,38.36586553,0.304152387,-0.014624556,0.330462067,Gabbro
10719CC_P2_03_01.png,73.06038552,0.04323741,2.804630968,0.13920084,59.63583831,0.043984899,2.695847567,0.231794723,46.18768546,0.039660107,3.456460558,0.31284903,33.92795164,-0.037530831,4.235999098,0.316155407,Gabbro
12719J_P2_02_03.png,79.20368307,-0.665440154,2.719802731,0.208002684,59.38958149,-0.854444468,3.176062375,0.224042323,26.04379699,0.204819642,1.425448667,0.260524978,40.9922186,-0.301929594,2.821673063,0.307430015,Gabbro
10719CC_P2_01_01.png,75.95280316,0.115408795,0.990444696,0.167722348,35.40639123,0.290764923,2.953640812,0.24223078,61.83621876,0.069022005,1.062401397,0.266575078,48.38525409,0.285592032,1.53415418,0.323471793,Gabbro
10719CC_P2_03_04.png,66.15092753,-0.841999357,6.52707155,0.148534772,28.03290824,0.006357704,3.588589128,0.249116627,51.04339627,-0.607004197,5.776115463,0.257947566,39.12237128,-0.268043396,4.562883184,0.344401034,Gabbro
10719CC_P2_01_02.png,36.35823334,0.460943217,2.362905429,0.173889236,51.70783438,0.439408529,0.765017476,0.252367271,79.10933935,0.1650084,1.632342668,0.269137416,65.57222892,0.4066407,0.388434913,0.304606077,Gabbro
12719J_P2_02_04.png,72.56691755,-0.958755592,1.499733224,0.148027192,27.11688606,-0.41765287,3.86907745,0.242989228,54.64504205,-1.095963957,3.413759379,0.245886414,40.07753655,-0.801457333,4.356031467,0.363097167,Gabbro
12717C_P2.jpg,73.17179634,-0.286779541,3.941224528,0.186260607,34.61732358,1.596678826,1.655930398,0.21463597,60.79354833,0.261072445,2.940570471,0.286926343,47.97330336,0.787734186,2.346209067,0.31217708,Gabbro
10719CC_P2_01_03.png,74.19867033,-0.295494457,3.133421172,0.194771103,33.95132742,0.192701375,0.775388602,0.225905109,60.33851917,-0.212134869,1.712234301,0.260405404,47.29882919,-0.005100905,0.841383577,0.318918384,Gabbro
12717B_P2_03_04.png,72.45316567,-0.380788383,3.279649019,0.085821748,60.99386692,0.062911316,2.629058473,0.22013494,45.04864758,0.86696023,2.774708465,0.339967897,52.22219163,0.473197597,2.855930791,0.354075414,Gabbro
12719J_P2.jpg,79.89471856,-1.422255796,3.418629307,0.194089256,59.18000495,-0.940347536,2.872510116,0.227089504,25.44895733,0.544128575,-0.032602232,0.254693768,40.94001622,-0.195140592,2.327463508,0.324127472,Gabbro
12717B_P2_01_01.png,76.74142843,-0.244149033,1.668432777,0.110165411,49.26096507,1.357661797,-0.765069499,0.266164268,65.42712692,0.091549497,0.577103835,0.270839568,57.10236144,0.778315698,-0.357529046,0.352830753,Gabbro
12717C_P2_03_03.png,31.78208276,1.427904005,1.000315169,0.189481683,71.30294055,-0.366132927,4.101057268,0.216853123,58.13348354,0.05790008,3.584341609,0.28399939,45.4266844,0.642664833,2.145940779,0.309665804,Gabbro
10715B_P1_Cleaned_02_03.png,59.79793665,-1.964197028,7.944023784,0.13782794,49.02346563,-1.981404684,8.106185287,0.262617589,29.68750458,-1.13364704,5.580224527,0.267390135,39.16436893,-1.619781289,6.789437572,0.332164336,Gabbro
10715B_P1_Cleaned_02_02.png,65.67184795,-2.352807762,10.39114273,0.152500759,28.96583968,-0.717334428,5.516088414,0.239099699,52.54940096,-1.798990083,7.852254726,0.28772173,40.43869682,-1.324502868,6.805150372,0.320677812,Gabbro
12717C_P2_03_02.png,35.91761025,1.710589445,0.242549485,0.191779906,74.6303132,-0.118171387,5.439309254,0.211762165,49.9220233,0.948915642,2.108186632,0.288818422,62.90439784,0.27212469,4.062860186,0.307639508,Gabbro
12717B_P2_01_02.png,77.13731988,0.18748849,0.6240574,0.128250401,49.12351274,1.330842508,-0.683469738,0.248386702,66.074358,0.543047231,-0.160003175,0.27447425,57.30389128,0.869597967,-0.456995631,0.348888647,Gabbro
10715B_P1_Cleaned_02_01.png,64.08684702,-2.164568828,8.973427091,0.147021297,33.11829705,-0.289920172,5.780826279,0.233323678,53.06973658,-1.419066984,7.506001964,0.309129217,43.27589121,-0.961296512,6.892260351,0.310525808,Gabbro
12717C_P2_03_01.png,33.96255437,1.928706356,-0.495811858,0.184698835,74.84798594,-0.235572261,5.78751708,0.219788401,48.62621169,0.830099973,1.938229736,0.282791069,61.98990558,0.18782141,3.70064358,0.312721695,Gabbro
12717B_P2_01_03.png,73.25183622,0.024195573,1.519782563,0.098636994,62.58665443,0.363113907,0.678676819,0.267308268,45.57709639,1.119842058,0.166389628,0.267724515,53.98622254,0.86562512,0.013814503,0.366330223,Gabbro
12717C_P2_01_04.png,33.7395527,1.480868939,4.193344903,0.205450823,67.95461951,-0.010661391,3.692103201,0.208072508,55.85457109,0.334340335,4.304513422,0.277152967,45.16105656,0.793463286,4.583094338,0.309323702,Gabbro
12717B_P2_03_02.png,73.08173971,-0.294050938,3.236090038,0.120001632,44.41873963,0.576218768,2.84303049,0.265484125,62.01163252,0.028060396,2.403358679,0.278983595,52.89062663,0.323365325,2.528783888,0.335530647,Gabbro
12717C_P2_03_04.png,70.36066191,-0.411924277,4.499277881,0.20814049,33.51120757,1.767764855,1.62765784,0.210100997,57.65964495,0.129856859,3.568416108,0.278342648,45.81674117,0.665833313,2.627536611,0.303415865,Gabbro
10715B_P1_Cleaned_02_04.png,60.95860565,-1.831356252,7.33752113,0.124010318,49.36143933,-1.835262583,7.192144208,0.249517228,29.13358433,-1.292477941,5.431278405,0.297259924,38.54625847,-1.484661669,6.028484657,0.32921253,Gabbro
12717B_P2_03_03.png,75.45805117,-0.134182688,2.270612418,0.114609462,48.29212809,0.755233708,1.607891071,0.271663901,64.65761512,-0.008029918,1.585834484,0.276997579,56.32687371,0.302872238,1.697542084,0.336729058,Gabbro
12717C_P2_01_01.png,36.39576995,1.814112666,2.154791122,0.190056238,73.82406483,-0.508287526,3.323375863,0.20295962,50.00831147,1.019154913,1.918003388,0.295937869,62.40762618,0.20898474,2.753368541,0.311046273,Gabbro
12717C_P2_01_03.png,72.1593628,-0.027481535,1.987032997,0.177441231,34.79925165,1.664761422,1.878809039,0.224332216,59.9279375,0.419655316,1.749127833,0.279065229,47.66525574,0.987719212,1.481841705,0.319161324,Gabbro
12717B_P2_03_01.png,75.64072104,-1.010160731,7.028493894,0.126762249,63.61569737,-0.244185617,4.259031192,0.266107136,45.12332716,0.544474597,2.475451344,0.271575482,53.99995193,0.294684046,3.044923454,0.335555132,Gabbro
12717B_P2_01_04.png,70.50429375,-0.10375566,3.411174621,0.105709117,59.55320284,0.251704162,2.805439327,0.246320429,43.08001443,0.993811515,2.3183948,0.30190848,50.95835724,0.637255984,2.54354214,0.346061975,Gabbro
10719CC_P2.jpg,74.18220848,-0.15732011,2.78365249,0.168159508,32.57527938,0.007279315,3.006091125,0.254597317,59.94612474,-0.142705628,2.344574201,0.262791981,46.07121669,-0.126964127,2.634168822,0.314451194,Gabbro
12717C_P2_01_02.png,72.94262703,-0.033188745,1.670237959,0.195866488,34.64243244,1.916380572,1.566577023,0.205256746,60.7250231,0.594112854,1.200489672,0.292901715,47.99452068,1.089106051,1.668553393,0.305975051,Gabbro