11830I_P2_01_02.png,38.258711301982586,0.8249445666285846,-2.291882176240701,0.118325,79.4459344260575,-1.1048839876987464,-1.9799151951970126,0.2545,55.48410453936989,0.05828750231748103,-2.4754653100346724,0.267375,67.9301913381307,-0.5966577794308505,-2.532174589845443,0.3598,Granodiorite
12720V_P2.JPG,36.1012109557445,-0.12348257203273177,-0.9198644552202393,0.096175,78.21110657063812,-0.6217310745746826,-2.9065817453010308,0.24665,55.02996686630868,-0.3739280382401084,-2.128210671624903,0.26195,66.56436582406434,-0.6063620378802208,-2.7510110962161027,0.395225,Granodiorite
10715M_P2_01_02.png,25.928892335352657,-0.051361088673124944,-2.3274766898949575,0.123725,43.84629648853357,-0.7488953961369343,-2.627778631280062,0.186075,68.95475496552137,-0.7535588569748488,-2.4907673164029807,0.333175,57.160271257379634,-0.6835550222604231,-2.7736542595208107,0.357025,Granodiorite
12723M_P2_01_02.png,29.649789197640345,0.7529191546044988,-0.6322363854958675,0.149025,51.63856072253012,0.27145239085809947,-2.489826983126551,0.218575,78.6690679473449,-0.8585353348310775,-2.085676374964863,0.307,66.05442429346849,-0.3254454363973831,-2.586642906866595,0.3254,Granodiorite
11830I_P2_01_01.png,41.33060801859987,-2.0113077744628276,-2.7008812982809682,0.1228,56.60801244010197,-1.1834982792453939,-2.581626118206792,0.241125,79.5713188133712,-0.20508049618091873,-1.4404041379362196,0.28225,68.77469539805094,-0.5449637849207285,-1.990101930396591,0.353825,Granodiorite
10715M_P2_01_01.png,28.905173991616767,0.5139451544408861,-2.15222982480246,0.10415,48.49493039019374,-0.1634351998392726,-2.4512039773182286,0.23995,72.11335964089405,-0.36353859689650314,-2.089521701665599,0.31025,60.68338626752865,-0.3630379052042556,-2.569489595047608,0.34565,Granodiorite
12723M_P2_01_01.png,30.56166040973052,0.5784897135122695,-1.1611417178193215,0.14635,52.13183520794469,-0.03750710322138984,-2.7060333871552316,0.216725,81.13610770803747,-0.48915333432021585,-1.7558168109940853,0.307225,67.3928190126653,-0.30025230776035206,-2.702257806558488,0.3297,Granodiorite
11823H_P2_01_02.png,28.034384592235867,-0.37262813310402515,-1.764013868017285,0.118225,49.656420276998304,-1.0143051325371621,-2.898647959244777,0.182525,66.14441125548638,-0.5505894050177312,-2.9858982365086564,0.299725,78.79756301768217,-0.23848519670229024,-2.2352255789269355,0.399525,Granodiorite
10715L_P2_01_02.png,39.03191120442845,-0.8895204712798175,-2.216126335420408,0.196325,21.17016340606417,0.1526658361000124,-1.7170872467949727,0.21815,68.72820309101171,-1.6552543848970525,-2.319082017350433,0.2437,55.14273257389152,-1.4041158043366586,-2.294586184698877,0.341825,Granodiorite
12715C_P2_01_02.png,41.12514797128728,0.14351805259990358,-2.3440991406937295,0.082425,75.2136956016463,-1.9184620842452786,-2.9516612647392977,0.26445,55.66091592197587,-0.9313906612483116,-3.421830135189052,0.27605,65.38100443199863,-1.5110054468413059,-3.1952378439090725,0.377075,Granodiorite
10721D_P2.JPG,28.30730565757426,1.1649098040725883,0.7253465066087319,0.134525,51.020230123437635,-0.10555184900476433,0.4843816532620989,0.1841,76.37822555352523,-1.5649139717670062,-0.5313163993294128,0.312725,65.10158211766439,-1.3879600538066357,-0.3983439917583673,0.36865,Granodiorite
10714Q_P2_01_01.png,29.76928338647375,-1.0623726035759065,-1.8905934425708004,0.14535,49.12039850436423,-1.1559721244694157,-2.647201689486339,0.1925,63.33200206967147,-0.5899470741578355,-3.082743121201887,0.3029,75.06108005272277,-0.46974309511119244,-2.4518145210755735,0.35925,Granodiorite
11823H_P2_01_01.png,29.983710100751303,0.3705136977088237,-1.5797614492678154,0.0956,52.391301567333784,-0.19910257695037906,-1.972614993143962,0.16025,67.98582403314347,-0.3075779649079293,-2.4987077509743583,0.3598,79.39082712341592,-0.15311677442606222,-1.7344317157898335,0.38435,Granodiorite
10715L_P2_01_01.png,43.79461592153921,-0.9151742721768009,-2.384303843152006,0.17345,23.674942736613666,-0.04311601188121672,-2.0627385953228403,0.1849,72.82171380947747,-1.019548394129493,-2.313555732147687,0.2936,59.65339146199543,-1.0193207899356265,-2.4065997910961996,0.34805,Granodiorite
12715C_P2_01_01.png,38.50976176939434,1.0686338555081574,-1.119480962612643,0.084775,77.1216680545471,-1.380207456800694,-2.1874094645809943,0.2673,55.230712435209426,-0.33252587476014145,-2.8707654805089717,0.269875,66.05666935726173,-1.0570183327788771,-2.6418606737243637,0.37805,Granodiorite
10715L_P2.jpg,41.42508804932733,-0.9249633900903529,-2.3213266974399347,0.18415,22.381810147288483,0.041479940330841014,-1.8704938707346097,0.204575,71.28787603255067,-1.237957779993704,-2.3083045607757797,0.26645,57.455939014915,-1.2530642333139235,-2.352853816953023,0.344825,Granodiorite
10714Q_P2_01_02.png,30.446001038483306,-0.47738217560072727,-1.5758201800575062,0.12125,50.33018965451072,-1.4429718511360945,-3.399796425155579,0.210575,76.55039787495042,-1.6915716480187502,-3.4624841538798767,0.328525,64.48255439561906,-1.4221321718391728,-3.693735387308615,0.33965,Granodiorite
11830E_P2_01_01.png,44.34873250398733,-0.6436956767731572,-2.867294897139832,0.15145,21.94725460681108,0.13637727102840602,-1.3801728575521746,0.15815,60.116313471120634,-0.3490502518826573,-2.7618068778487403,0.33935,73.02640918580298,-0.1488132085639919,-2.210796911192358,0.35105,Granodiorite
12715A_P1_Cleaned_01_02.png,56.23296447773281,-3.907356880316688,-4.099514989668693,0.202325,19.640486401312447,-1.175956486348917,-1.8567957798092949,0.22505,32.89068987516566,-2.3431597794761116,-3.7217883220196684,0.260675,44.5740479350432,-3.5314973646937937,-4.396079142853779,0.31195,Granodiorite
12718B_P2_01_02.png,31.39652244404789,-1.6008261384550426,-2.7268222164363607,0.148575,51.251523851835955,-1.9870689066118628,-2.8290169554056295,0.206875,78.46570889613034,-1.197019524058071,-1.7177756943018008,0.31845,66.05612704153641,-1.4623012430760693,-2.1840737851280054,0.3261,Granodiorite
10714H_P5.JPG,35.39637624956595,-0.72495551067447,-0.284752105159397,0.172575,74.89979187724806,-1.7461446048102975,-0.8146295793714076,0.205825,50.23333292908031,-1.4108213085681263,-0.4624883347454731,0.303325,62.19624767076515,-1.8057413011427648,-0.9940917924983014,0.318275,Granodiorite
11830E_P2_01_02.png,22.74259082491148,-1.0906548918743946,-2.116819957898283,0.147125,45.49676220946783,-0.9879142561024917,-3.2198612893198355,0.193225,72.39341624800477,-0.049751127037861664,-2.171335951916756,0.3072,59.83660266095889,-0.35164760722837707,-2.8934247843616667,0.35245,Granodiorite
12715A_P1_Cleaned_01_01.png,59.74364104063309,-3.8019123874373553,-4.311058599851123,0.19485,34.05115397138373,-2.0028403488236193,-3.6088048587816095,0.2372,19.69525712449892,-0.6168593771128918,-1.3467022695634665,0.260575,47.273870694776264,-3.137089585983276,-4.204752482748365,0.307375,Granodiorite
12722T_P2.JPG,31.31119270738071,0.3519618571111742,-1.2558069878946438,0.108175,52.49650038080655,-0.019719009719225467,-2.3019749969204546,0.221025,78.34141751027396,-1.0060614384806172,-2.5018248273800086,0.3128,66.02094166001137,-0.4262313085952301,-2.4466470105729328,0.358,Granodiorite
12718B_P2_01_01.png,32.89638470897219,-0.2038575020559581,-1.8712306980297617,0.1376,53.110347023398646,-1.306224570651425,-2.3708677989999694,0.187475,68.54426476905539,-1.6028923642130297,-2.304643899523986,0.333075,80.53175771494706,-1.3719278274837046,-1.6605251789332547,0.34185,Granodiorite
12717B2_P2_01_02.png,49.08691451486349,-1.127156450726036,-2.101927953321732,0.14805,74.98021744904132,-1.1422330869304167,-2.088386456270274,0.20455,58.57626175941677,-1.1084974351480388,-2.376709098181752,0.307425,66.6733125316136,-1.1724152018333076,-2.2945309854793905,0.339975,Granodiorite
10714H_P5_01_02.png,35.12379862188622,-0.722569060612652,-0.28178286494535587,0.17865,73.8832644536983,-1.8387939844611352,-1.0617463579485278,0.1989,49.61975774299387,-1.5067464707880056,-0.4719154561151113,0.30405,61.24916463372932,-1.9313126525272613,-1.0683238402091488,0.3184,Granodiorite
11823H_P2.jpg,29.045466153189494,-0.09573317627178757,-1.6670929225549127,0.10895,51.31196107875654,-0.6206967744159172,-2.4788656512567973,0.1755,67.52172559053119,-0.41531533715721713,-2.7306825272524016,0.333175,79.25021432457365,-0.18734147203330156,-1.959257160192605,0.382375,Granodiorite
12717B2_P2_01_01.png,52.65252948704469,-0.9587648227732253,-1.8184096889178243,0.14375,78.55817564870266,-1.053058528816988,-1.9905831173567556,0.20145,62.570462698245755,-1.007889554693119,-2.0913759348510963,0.295725,70.46690959572143,-0.97422439950411,-2.0376565615150923,0.359075,Granodiorite
10720T_P2.jpg,31.334497696957026,0.07712457326767183,-2.4531378008225886,0.131575,72.1354946263146,-0.3545239032742377,-1.8761983793084258,0.23405,48.76647940978964,-0.2354056440353212,-2.208130651034328,0.26175,60.29294489042443,-0.2754749752261164,-2.0516973955091866,0.372625,Granodiorite
12717H_P2.jpg,23.49463989827258,-1.4552915438873795,-2.1313494269627924,0.1367,42.40992992961009,-2.030242227625217,-3.3946940208634597,0.19955,68.11335977863146,-0.9458731540416548,-2.47163181068498,0.27125,55.646607187178255,-1.3269899480073004,-3.0883685421312843,0.3925,Granodiorite
12717B2_P2.JPG,50.45384680403901,-1.063260607987015,-1.9788615315865075,0.141875,76.93979616330923,-1.0772630085422865,-2.0266067919825232,0.208525,60.259076103628026,-1.0564733719328876,-2.230942711979938,0.298625,68.53066268413342,-1.0680861595094286,-2.149835576661285,0.350975,Granodiorite
12716F_P2.jpg,28.344301936088076,-0.8488748601162288,-0.8266250886160049,0.211,45.20540043142028,-1.505365597083669,-1.3535182202958886,0.214725,74.32286771242525,-0.92313968278739,-2.214873978971836,0.2628,60.29271934072987,-1.0748071089513456,-1.9299605876943804,0.311475,Granodiorite
10714H_P5_01_01.png,35.1586531342935,-0.7112026520780751,-0.3460999965282267,0.155075,75.29788912562782,-1.6690961258387564,-0.688448132505243,0.22735,50.30103911183901,-1.2852657566878556,-0.3732316035228387,0.29655,62.6086249909218,-1.6899589002425714,-0.8696226048929095,0.321025,Granodiorite
10719R_P2.JPG,37.99477907519267,-0.7274177894562684,-1.95128140815517,0.138125,55.05068462724417,-1.396096652623117,-2.4078389918781715,0.235475,79.84965505531105,-1.2170285332888393,-1.7485423636941573,0.27685,68.35681678288918,-1.361753092551664,-2.0976965697721734,0.34955,Granodiorite
11831EE_P2_01_02.png,31.786362070135787,-1.3638467634456806,-2.301307319941894,0.146625,51.39980628824101,-1.423836541013379,-2.1361851671405496,0.208975,78.98387928302286,-1.3029171970619455,-2.5763355366960585,0.3082,66.62106741298395,-1.4092747602882,-2.4414593354563556,0.3362,Granodiorite
10720T_P2_01_01.png,31.40357595890316,-0.5156846871412613,-2.8761752460949954,0.12475,71.48172601884892,-0.11937009639241758,-1.5517912896939685,0.24895,48.47711226152349,-0.4899624495013414,-2.286234828721931,0.251,60.041048696340305,-0.2079436430224317,-1.8568393062367168,0.3753,Granodiorite
12723X_P2_Cleaned.png,32.25744985717898,-1.1129929546829114,-3.3763071327025718,0.1395,50.46616716323882,-1.7607811754818121,-4.007623037709855,0.249725,75.79926525351286,-0.6010462940572102,-1.9143417255565567,0.264275,63.402194851053764,-1.2529664481284815,-3.127782086819749,0.3465,Granodiorite
12723X_P2_Cleaned.jpg,32.29221152393161,-1.0757173709816827,-3.369552047975378,0.1361,50.527386913180656,-1.7439309618309267,-3.9703470636058107,0.24515,75.8121105441896,-0.5781947905636712,-1.913056724753458,0.267125,63.495130106748206,-1.2428226096007797,-3.1001649187774247,0.351625,Granodiorite
11831EE_P2_01_01.png,30.019329557642536,0.6216473838291234,-0.8598187921095498,0.175175,50.329563388239514,-0.272050670859579,-1.1729262137462253,0.179375,67.64424666859686,-0.6785879021751456,-1.7606377517639407,0.311275,81.05317376163414,-1.0826148531958546,-1.9855628850977625,0.334175,Granodiorite
12718B_P2.JPG,31.992489215866946,-0.9799517152319897,-2.3881926827494833,0.141625,51.96724733549043,-1.6724677735529325,-2.588197959599661,0.1984,67.23814658288934,-1.492501966249107,-2.20115058313995,0.328175,79.56383235417768,-1.315020676968622,-1.7129299339167365,0.3318,Granodiorite
10720T_P2_01_02.png,30.75673057740902,0.7361335068123933,-2.06281638644254,0.130475,72.74123077697845,-0.6402559284462012,-2.233590441395562,0.2246,48.48138003811859,0.030979846231870695,-2.11267687120236,0.268875,60.18847854824116,-0.3721177023680108,-2.296193928255642,0.37605,Granodiorite
11828E_P2.jpg,31.54729481776522,0.2663468624738074,-1.4053013725267145,0.086525,53.70232637992261,0.1838011614991146,-1.8384327578858524,0.1996,79.1445807955254,-0.1476389951909925,-1.8912597861436218,0.340325,67.78136445170298,-0.0925461531653432,-1.96626825437335,0.37355,Granodiorite
10719R_P2_01_01.png,39.85439936517689,-1.440563285429852,-2.6478926951672594,0.13495,56.424094544282426,-1.6799622019827676,-2.7788852738975653,0.23175,80.6488323482866,-0.9736050101742943,-1.5337944221400055,0.287375,69.67051733958687,-1.177375423114452,-1.9653847516497769,0.345925,Granodiorite
10720U_P2_01_01.png,27.02238518245419,-1.5688040470079117,-1.9058562054790615,0.129275,46.394781736532266,-1.657556919416709,-2.398938737531523,0.216025,70.95092549195303,-0.4931612929779461,-1.7061437428637185,0.281675,59.04952521133377,-0.9151015766055958,-2.107050498266769,0.373025,Granodiorite
10715M_P2.jpg,27.475382041164448,0.16405226526311978,-2.299043219587436,0.1173,46.493384941433575,-0.4479654115380755,-2.5251501545824437,0.211775,70.71090411863563,-0.5116285525762839,-2.265051107701962,0.316275,59.02382476120405,-0.5103679682310044,-2.7105648023932134,0.35465,Granodiorite
12725D_P2.JPG,66.88992009352536,-4.211214426960845,-3.1918572874058833,0.20995,28.48220313087598,-1.7125788110493625,-2.254986961974376,0.227925,53.033750881730995,-4.61015534553223,-3.7477792278079507,0.277925,40.5918864017555,-3.11479814861061,-3.0485688865274283,0.2842,Granodiorite
12717H_P2_01_02.png,23.20954614763888,-1.7560180518319661,-2.4636731613293614,0.13685,40.547498100937844,-2.4910015316807526,-3.7370920999191193,0.201075,64.24426064270526,-1.113627920636059,-2.6563638204898976,0.2651,53.210327034567705,-1.6834414088180383,-3.3110514367830075,0.396975,Granodiorite
10719R_P2_01_02.png,36.89046198887567,-0.20280074465773956,-1.4621892251665702,0.1492,54.290009480414284,-1.1461243520541522,-2.0361265115119553,0.24015,79.05007764307416,-1.5401651516672017,-2.032183666040683,0.253475,67.52534859431438,-1.4610067391045516,-2.180803844853985,0.357175,Granodiorite
10720U_P2_01_02.png,25.688119095460436,-0.6506782408988536,-1.510016572428384,0.12035,44.77068631541691,-1.171500584164744,-2.474309283138513,0.201025,70.6762963493001,-0.8312782392160117,-2.4954067646544824,0.307525,58.39596718682423,-0.9438942894907902,-2.601910254889345,0.3711,Granodiorite
11830E_P2.jpg,22.086949455451382,-0.4509879610055004,-1.7071956154232233,0.149875,44.30013151710533,-0.8819294444604994,-3.0273304301705224,0.164475,72.5575026402197,-0.11606740843800017,-2.199441437235269,0.336725,59.521285450620276,-0.3606564321833006,-2.838523654230146,0.348925,Granodiorite
11830I_P2.JPG,40.145503585952916,-0.5406421855975769,-2.4937922426146035,0.123775,79.6768443386888,-0.6274114141608174,-1.6914775207238177,0.25905,56.4121003384347,-0.5229311710519561,-2.520645030223167,0.2611,68.66147388691329,-0.6066762781080637,-2.256969306168557,0.356075,Granodiorite
12717H_P2_01_01.png,23.776403072077105,-1.0118659156452452,-1.765950066404053,0.134675,44.407382788381845,-1.4273195818051225,-2.903870171206201,0.188025,70.22958517052672,-0.8929207450382363,-2.4037956755694623,0.303125,57.9527887195839,-1.0066783427908916,-2.906893989954066,0.374175,Granodiorite
11831EE_P2.JPG,31.083206823328243,-0.2614024833473211,-1.4501556237824134,0.164025,51.41293811712069,-0.9660494030903917,-1.7495755814400076,0.198725,80.2892291344407,-1.160954907115925,-2.2296032409812025,0.311475,67.48527016510758,-1.0807225285431383,-2.145767346552356,0.325775,Granodiorite
12723O_P2.JPG,29.891926604495175,-0.6202763597578769,-2.276109589720091,0.123675,50.719202693274084,-0.6003793004527458,-2.947484732347819,0.233425,77.068390904273,-0.959943428746783,-2.1670607984628565,0.277925,64.24321048568675,-0.7077335783544481,-3.0015669208883,0.364975,Granodiorite
11828E_P2_01_02.png,28.877532046472915,-0.8713043006957074,-1.8442223097044426,0.090725,51.81544424435382,-0.27437657204667315,-2.064008660584662,0.1999,77.44170226777435,-0.09245550774686753,-1.98488708445459,0.3371,65.91857465824064,-0.22003775439116174,-2.0005752618940775,0.372275,Granodiorite
12722T_P2_01_01.png,31.845379616911234,0.8483950127272967,-0.8828723781940591,0.108225,53.1770844804887,0.3818621347101141,-1.8305510914663568,0.228975,78.84524008699628,-0.9965363155991679,-2.4452371292589645,0.30235,66.79610292669001,-0.2880458225696837,-2.256299357587988,0.36045,Granodiorite
11828E_P2_01_01.png,34.74790919766617,1.8478257939711877,-0.7537933842612661,0.083525,55.294310608395286,0.6687403353149464,-1.562621265368648,0.185,80.24402212549465,-0.19123443997978457,-1.79871159047981,0.3602,69.16032463594328,-0.05851671249062204,-1.988487071938017,0.371275,Granodiorite
12722T_P2_01_02.png,31.173504487855244,-0.12626629667744615,-1.670344671184158,0.112475,52.79280752483828,-0.4371637369643857,-2.7272318650246326,0.227275,78.1608981904181,-1.0342249848312497,-2.556882011955226,0.308675,65.82646722849644,-0.6187932710027528,-2.670912749942567,0.351575,Granodiorite
12715C_P2.JPG,39.72821020436707,0.6066254607986863,-1.7148069740258138,0.082375,76.31576014249978,-1.6377893024287882,-2.5435929442160234,0.26035,55.53587926006622,-0.6376076448466865,-3.1346066758013316,0.278375,65.81799968366589,-1.3159617165239106,-2.9395817699710998,0.3789,Granodiorite
10720U_P2.jpg,25.93731423445739,-1.0736703940210557,-1.6686884731995162,0.12035,44.85825847276844,-1.482669083086285,-2.4688850005588803,0.195575,70.65414456002426,-0.6821438373677398,-2.1160346451278906,0.3049,58.25767810144176,-0.9225904066220153,-2.353865707330224,0.379175,Granodiorite
12716F_P2_01_01.png,46.03847965933722,-1.410697429734962,-1.1569328284365312,0.21235,28.60078099630897,-0.6161240873113281,-0.4345199003863145,0.2142,74.86042048128111,-1.0426245552127107,-2.0721166863267744,0.2623,60.94716047781622,-1.0632691359821693,-1.8395114314283463,0.31115,Granodiorite
12720V_P2_01_02.png,34.97461796519151,0.05451054777400921,-0.9666495603388665,0.092725,77.05903606429908,-0.9681975079570937,-3.3766789362319742,0.24055,53.77384018000605,-0.4660660107213469,-2.340915207351121,0.25885,65.23618016527719,-0.827467761071814,-3.1118828615118113,0.407875,Granodiorite
10721D_P2_01_01.png,28.478638158595537,1.4079833035222926,1.028891744234467,0.147375,51.472115982151365,0.09321150071479489,0.6510812813029381,0.190125,77.17131252421984,-1.4821892649325195,-0.4581109796407841,0.289225,65.66717868983314,-1.278538610034801,-0.30015070147481027,0.373275,Granodiorite
12723M_P2.JPG,30.24152504562893,0.6258107767321647,-0.9319068503235359,0.1496,52.217386905155976,0.09736810243292002,-2.5933448157448633,0.222125,80.20109468291255,-0.6651196412609508,-1.9066032067645455,0.2942,67.09189375230828,-0.31724107700328263,-2.6241084702045625,0.334075,Granodiorite
12716F_P2_01_02.png,28.49089154100246,-1.076234445285153,-1.175194286663004,0.21595,45.30750447317538,-1.612593528741085,-1.5867272222691478,0.218375,73.98878215940063,-0.8214992541645059,-2.3727424410370777,0.25465,60.1170951003133,-1.080943469522973,-2.0334359280619343,0.311025,Granodiorite
10714Q_P2.jpg,30.38384617607334,-0.8250378007429313,-1.7732025505984477,0.1378,50.56661511823245,-1.2563284664005374,-3.028229288551975,0.212075,76.20815007832434,-1.0897005409121288,-2.934939839360378,0.324025,64.68215136949371,-1.0012401250404888,-3.4059765771516277,0.3261,Granodiorite
12720V_P2_01_01.png,36.84849173898091,-0.4076626744242733,-0.8682227960769697,0.094475,55.804237260642935,-0.2201768271792417,-1.716085513094164,0.248,78.9786371197265,-0.37598967664655586,-2.574972002950936,0.25915,67.52037515622256,-0.34692997652712737,-2.3753814166352285,0.398375,Granodiorite
12715A_P1_Cleaned.jpg,57.69471498154235,-3.7537909761926795,-4.191876514276282,0.2093,19.539478762435873,-0.8562532939005043,-1.554903192164066,0.2372,33.0462128426873,-2.172484199384606,-3.638831745454427,0.24685,45.491841854008825,-3.3444712182842293,-4.301070878413689,0.30665,Granodiorite
10721D_P2_01_02.png,28.31199317251307,0.8202725227035126,0.3512268936610103,0.125975,51.33887413853569,-0.41946609795986967,0.21619911813412646,0.18475,76.10182652559669,-1.6677092764769548,-0.6190369389999034,0.3137,65.25372351035273,-1.4905771634268932,-0.4889129429018065,0.375575,Granodiorite
11826E_P2_02_01.png,37.41648502630082,0.2436042500520299,-0.45018132784464937,0.0444,57.22256461646819,-0.6383267709806647,-3.069581945924673,0.216225,75.37464230536207,-0.9523363584399761,-2.0532571521106235,0.34235,67.24756259545616,-1.0174907648884874,-2.698538303464377,0.397025,Granite
11823G_P2_02_01.png,34.67696256589089,0.14772389522000717,-0.48301158232912167,0.102375,51.39625738228305,-0.08559713751351916,-3.050413629766057,0.199025,62.873921613386,-0.35139434301519523,-3.538900469771455,0.324525,73.99685515291493,-0.8470486421235667,-2.874946642430111,0.374075,Granite
11826E_P2_02_02.png,40.01516635605587,-0.9465456637786265,-1.0416849067596212,0.045125,58.30874604242665,-0.8652954792030283,-3.6117191840986775,0.234925,77.0818872255062,-0.920861368085879,-2.2974497347626386,0.321475,68.843961944695,-1.0940762087734923,-3.2274135882904877,0.398475,Granite
11823G_P2_02_02.png,35.77312499184502,-0.07802733177664545,-2.304364805748939,0.107575,51.27938611653346,-0.42056072047027104,-4.238937250376405,0.2374,72.9171689483466,-1.0283212059034545,-2.4305070057978813,0.30155,62.15489373075338,-0.5697047629279516,-3.9039651432503897,0.353475,Granite
11826E_P2.JPG,37.47544272051483,-1.076294992056668,-1.1745799876369745,0.059625,55.89212649476782,-1.1037436980047235,-3.288112723945612,0.23035,74.53663174941731,-0.881546475285915,-2.075577887115159,0.3276,66.1942902667031,-1.1683263165041493,-2.947742027440346,0.382425,Granite
11823G_P2_02_03.png,33.71414322128409,0.058634435248680505,-1.2145548434792537,0.106025,49.99125436653193,-0.4384714186724037,-4.988431904343668,0.24765,72.59407526074544,-1.1357296622331163,-3.211785863060482,0.2601,61.11353345351337,-0.9022199262124054,-5.010569240794282,0.386225,Granite
11826E_P2_02_03.png,38.84594953913172,-1.09781649345895,-2.1119207598252876,0.042225,55.38747560197481,-0.9794291158747168,-4.682898848461263,0.223525,73.1346826156298,-1.2407226475049058,-2.9101262730574566,0.353875,65.06974769002031,-1.3989976650244467,-4.39498612269291,0.380375,Granite
11830C_P2_03_03.png,33.452092016985986,0.39781853544972745,-0.26352223025673416,0.078325,70.06830354701319,-1.1810904775683644,-3.0129416294303897,0.24655,49.29329841621349,-0.8067444848476194,-4.1155533195824905,0.2638,59.65587851789227,-1.1721810527724672,-4.188985893057786,0.411325,Granite
10714J_P2_02_03.png,23.593004888377042,-1.0998431716347916,-1.6430054840435853,0.108875,38.441121605046405,-2.9668452015677134,-4.838842396101726,0.15565,57.54477434275242,-4.187024210760251,-7.0412876741946,0.28875,48.71923200922505,-3.764822080869868,-8.264426526721017,0.446725,Granite
12719I_P2_02_01.png,28.055306041428217,1.146862800841595,-2.156666106257317,0.07505,52.45723252484132,0.21717762465651114,-3.347337877105292,0.180525,76.63820278082167,-0.5724120345979158,-2.060056676920996,0.34175,66.06316498677872,-0.3539259242157525,-4.49709526005324,0.402675,Granite
10714J_P2_02_02.png,25.36877788519715,-1.4173252909345861,-1.6624320859016568,0.1114,62.91368809281694,-4.136425716700262,-4.387603530741761,0.224325,42.25277516440464,-3.3820315288416305,-4.666420090740911,0.2293,52.63721194209087,-3.754049616428439,-5.24702695078992,0.434975,Granite
11825G_P2_03_01.png,30.603661418006816,-0.531337488869657,-1.3667329246692723,0.07835,53.2276285386502,-0.7641219855019059,-2.904561208833919,0.1873,65.40862695599465,-0.7132156304405772,-3.020100522382256,0.359275,75.16514687430357,-0.40739535481746253,-2.0833670004695293,0.375075,Granite
11830C_P2_03_02.png,39.28107520996417,1.4272730857078582,-0.2526858664040299,0.0764,54.9446639444059,0.1583402805882817,-2.7984930575177813,0.2411,73.40443330867771,-0.815395716415286,-2.540216620361461,0.291675,64.12031626437218,-0.23898747836312204,-3.3047165353604493,0.390825,Granite
11825G_P2_03_03.png,28.664360984325008,0.6469026699765982,-1.2370997034163862,0.0683,51.873872613496374,-0.2868461049261869,-3.2595788715778644,0.17,71.9652050076019,-0.824632561631961,-2.982992955882235,0.3682,62.96675593703983,-0.6851139522452964,-4.264604593430892,0.3935,Granite
10714J_P2.jpg,23.14477056150213,-1.1245359723755417,-1.4207036719315957,0.132025,39.94653404451031,-2.998100192498665,-3.9717143830667307,0.198625,62.45005120303023,-3.801917181971135,-4.517155641848268,0.249475,51.848903108224846,-3.6526689985371563,-6.034081946112557,0.419875,Granite
12719I_P2_02_03.png,26.6494688309687,1.4825565288728333,-0.41150304620034994,0.1072,52.48926126867367,0.582148403856922,-1.4801182171649543,0.1931,77.91004875242001,-0.2936062180723257,-1.2703816170176532,0.32275,66.88594314591641,0.028206239331682037,-1.893815781498306,0.37695,Granite
12719I_P2_02_02.png,28.307492707640492,1.0613409305496793,-1.1363110819603925,0.072775,54.01927125052743,0.35098604912314446,-2.2184712743102564,0.1901,80.87548495711395,-0.3322587405826086,-1.5877666285697836,0.3639,69.54369667372846,0.10869534592335214,-2.601857801471134,0.373225,Granite
10714J_P2_02_01.png,23.544865752175543,-1.3974318122081684,-1.7397696549678625,0.12405,40.71653418196763,-3.239088177247349,-4.170072715072298,0.214825,63.86126254349763,-3.480648251779634,-3.887469227443975,0.261225,52.91159206288493,-3.5855543685595688,-5.731747216074886,0.3999,Granite
11825G_P2_03_02.png,34.439584422692405,-0.07235764591149374,-2.4589586254025937,0.0436,55.78056207525903,-1.0121520199573368,-4.458826520858153,0.200125,76.2423797605798,-1.088603537520153,-3.0112905136887815,0.3735,67.1451558682074,-1.1590541016121068,-4.0419350213263225,0.382775,Granite
11830C_P2_03_01.png,38.14024288275262,1.0975490155905436,-0.2314955402734422,0.11105,72.84386697540283,-1.1766677706212565,-2.6368833147671764,0.262125,51.93506199533368,0.23163741342219993,-3.280832467828425,0.286825,62.05918558322795,-0.33477016009444754,-3.289528982400927,0.34,Granite
12723I_P2_02_03.png,28.28819285470835,-0.39891539327392755,-1.4822778774705132,0.109275,49.70462608721378,-0.6359565528547693,-3.1455041007191675,0.21265,73.18285683250485,-0.5321584990666065,-2.0002270332813636,0.31285,62.36528198278469,-0.5226213189390424,-3.3240593586782703,0.365225,Granite
11825G_P2_01_03.png,29.77997000056275,0.17141497804360545,-1.2997611354609273,0.046375,52.85532164700824,0.1322601611062609,-2.239167874573907,0.209125,65.05273624677122,0.18093252121729497,-2.434403526170547,0.339375,74.28825712897998,-0.014316450896380228,-2.1835088001796223,0.405125,Granite
11830C_P2_01_01.png,36.12638510593626,0.8520050790957433,-0.5841704570048047,0.09825,52.560481752277,0.4384614931917137,-2.0079416144175197,0.20925,73.43759113858742,-0.42366013973628314,-1.9617718715120032,0.32435,63.571798557080754,0.06878111019471476,-2.9120426565375355,0.36815,Granite
11825G_P2_01_02.png,36.392871436718785,0.4478521293995418,-2.1788602501914016,0.047475,54.856487484221844,0.18346962987337623,-3.1959151314541163,0.18335,65.5266447360941,0.07646997976681935,-3.193704398028037,0.3566,73.96678237953859,0.1056150610743972,-2.515943282612877,0.412575,Granite
12723I_P2_02_02.png,30.73424576271289,-1.041328245198421,-1.9430276082520135,0.100475,51.11212733318063,-0.9289239318669178,-3.8085155015389214,0.229825,75.38688087106924,-0.3333975625855504,-1.5117475926668058,0.32345,63.6889636131162,-0.5788448996042976,-3.293331584900396,0.34625,Granite
12719I_P2.jpg,28.11242771424633,1.0565461007218593,-1.3662477565619675,0.08055,52.74354540066727,0.1874486578041433,-2.7077650395187414,0.20205,77.72399954950896,-0.31572556851184563,-1.7684622007041941,0.3384,66.52765654806664,-0.15673688487342224,-3.2391623412105064,0.379,Granite
11830C_P2_01_03.png,32.23960012303058,0.12685405826537316,-1.3755949691970497,0.1295,47.58567760534544,-0.14726874027965958,-3.3105466100277634,0.214025,69.84397702010992,-1.0600450365643002,-3.0105322067653826,0.292525,59.498795680605156,-0.4667344669264477,-3.84497886259845,0.36395,Granite
11825G_P2.JPG,31.971166641840327,0.25349021117763,-1.5928829095922916,0.06335,54.581798931265155,-0.3254258964209751,-3.1528540470006856,0.207925,75.46457346406642,-0.35756967394246736,-2.4068412139345616,0.3605,66.19881841909863,-0.4601762478755547,-3.2405229069948502,0.368225,Granite
11830C_P2_01_02.png,38.36112186460261,-0.017632879912928612,-0.9324186848575946,0.087425,55.38835418591241,-0.871683967138519,-3.699883322130594,0.175075,66.95840962480676,-1.2305284062987305,-3.5843220453541598,0.305,76.60403591341071,-1.7380402952322958,-1.8862680337592157,0.4325,Granite
11825G_P2_01_01.png,32.55702450723128,0.4983428435289145,-1.5464009862052526,0.06655,56.41741743875395,-0.3984026902015321,-3.05276905986473,0.17925,69.10098871622904,-0.44030707444536116,-2.9532637729752063,0.37015,77.52430195406197,-0.1729889536080974,-2.1615408299414387,0.38405,Granite
12723I_P2_02_01.png,27.598848586117775,0.4567565459199514,-0.41857136685572516,0.08755,52.31455127167778,0.12382408942776567,-3.3172817532709598,0.214825,76.34119791809914,-0.1741273575305608,-1.4401657712413563,0.312325,65.09009448368856,0.025246731139712597,-2.8226982472282627,0.3853,Granite
11826E_P2_03_03.png,35.961423976351355,-2.1753925282079862,-1.5736799643255655,0.06965,53.84845664705535,-2.070110568068556,-3.2928303782953487,0.2425,70.98258694098898,-1.7193740266289455,-2.385493136184043,0.3437,62.31583262766837,-2.044062104175546,-3.308401042295759,0.34415,Granite
11823G_P2_03_03.png,33.47057295433336,0.22409635288337637,-0.5697296555638429,0.0845,69.29816761854374,-1.3603151865298349,-3.2904275824049294,0.231325,48.646873378353284,-0.9330268886555964,-4.261409014940189,0.26625,58.96662370947889,-1.341943281314782,-4.291076181875179,0.417925,Granite
11823G_P2_03_02.png,39.864536589410605,1.3754448339392165,-0.47198233994264127,0.0792,55.070843958934596,0.18841492932057077,-2.8643317279883527,0.242675,73.36845118401783,-0.7874728800463872,-2.507781675525976,0.290075,64.20506956898954,-0.18558284452958648,-3.142478168243918,0.38805,Granite
11826E_P2_03_02.png,35.65699172579306,-1.8769131002075712,-1.5075454785063,0.0887,52.99669040484387,-1.8738994530514228,-3.179828209927007,0.21565,72.23021550037872,-1.5285017160530914,-2.455605373435247,0.34265,63.223085828428964,-1.9758895606723914,-3.2626898495882393,0.353,Granite
11823G_P2_03_01.png,38.52226673827608,1.104332003709438,-0.23273796888210763,0.115075,72.79516265630761,-1.1790139251756546,-2.6784733353089583,0.23585,52.00288077034213,0.2011877887214101,-3.6702548899847742,0.315,61.812377192848395,-0.3866160035879479,-3.398376252953637,0.334075,Granite
11826E_P2_03_01.png,34.81240129427819,-1.7840873319586277,-1.2269569925008619,0.091375,52.735209272549326,-1.6001663593165787,-2.8449159871004253,0.191225,64.22078801824601,-1.5579151871536203,-2.9376740590342436,0.344125,73.3561312357219,-1.2194236412813324,-2.032965593923995,0.373275,Granite
12723I_P2.JPG,28.09726290000146,-0.3324864922318472,-1.1452750841465957,0.10025,50.8427922111239,-0.47112929080840504,-3.4440356999527397,0.223925,75.60544325847562,-0.12181830102469543,-1.5921585971075558,0.29285,63.773449922782966,-0.36090749195115013,-3.2071758197523783,0.382975,Granite
11826E_P2_01_01.png,36.12780931211927,0.9505656138818819,0.19329876083822195,0.050125,57.25638950008836,0.32981198205303686,-1.9692024631376124,0.196475,75.49222475131705,-0.49475291044185654,-1.5360863366161137,0.36525,67.5338810388891,-0.25212729295239755,-1.9524879034534026,0.38815,Granite
11823G_P2_01_01.png,35.98237311564512,0.8726146175046952,-0.6957592414723768,0.105075,51.54291705606503,0.32318386181986625,-2.068734843706551,0.214675,72.93597550665014,-0.43750436555552524,-1.7123147650354476,0.302125,62.634371020472564,0.029448663375488647,-2.92313802932063,0.378125,Granite
11823G_P2_01_03.png,32.42566534279132,0.06532989346805607,-0.9735347129514258,0.124575,48.49323847239417,-0.16325658467912751,-3.67842699458254,0.19975,70.2576720791594,-0.9125498785386245,-2.8875900694966115,0.306325,60.10106401693534,-0.4996120366103493,-3.8447800871106113,0.36935,Granite
11826E_P2_01_03.png,40.8264901498011,-0.15549515535189318,-1.5977759530032256,0.048,55.60552709291797,-0.4746662154301872,-3.538757619078273,0.2309,72.67922921184478,-0.9000799553018894,-2.2765569816474294,0.330425,65.05203566737926,-0.9029051964361201,-2.9729595528001806,0.390675,Granite
11826E_P2_01_02.png,42.6851427776766,-0.03088688564614428,-0.5320701597853961,0.048275,58.745962296598016,-0.05778012215733627,-2.305084219838631,0.1942,76.0155711459197,-0.39291226953757075,-1.5730105722055994,0.334025,68.39700872611927,-0.381299801335957,-2.100492825186468,0.4235,Granite
11823G_P2_01_02.png,40.04173847973189,-0.28110335423382526,-1.8185785470304185,0.100725,56.04715222922639,-0.7943021393892264,-3.6884514690430654,0.2095,67.1281205324447,-1.1594188246720414,-3.5503945716519145,0.298175,76.55983029126628,-1.699589078971681,-1.8537827097971418,0.3916,Granite
10714J_P2_03_01.png,25.377608333796438,-1.8468185517055422,-2.5092030218818193,0.115575,42.68107968593474,-3.663205210911685,-3.8613310916953467,0.197275,66.21962374092087,-3.234643981211585,-4.335456436446652,0.2446,55.21846929727961,-3.8521582022491336,-5.830236512534758,0.44255,Granite
12719I_P2_03_02.png,29.591138565376696,1.743202518582394,-0.13560347594107158,0.08595,54.92385220194173,0.3785820633049571,-1.9281890903394845,0.2067,79.1554265047932,-0.5689440866289055,-1.572356162572637,0.293175,68.39889838589451,-0.09396996978476366,-2.5245307365340826,0.414175,Granite
12723I_P2_01_02.png,24.75219001029309,-0.20096645904975907,-0.46220113672580165,0.125475,47.40471690073836,-0.17985736044115153,-2.7760861596854536,0.18025,61.775359480956276,0.11197771787462325,-3.2674222061355245,0.3385,73.88672924754538,0.03720663682831002,-1.7559118471484574,0.355775,Granite
11825G_P2_02_02.png,31.22245912554679,0.37199238366063475,-1.8200562023417284,0.075325,54.62192001117896,-0.06139631227147549,-3.0028298427953946,0.239375,66.33017133471995,-0.33644102901871814,-2.97256706978389,0.333075,76.36721995701663,-0.5629403253932115,-2.595268113726566,0.352225,Granite
11830C_P2_02_01.png,35.128483064534535,0.2575845050638337,-0.4108694774914614,0.1063,52.50892320133957,-0.01429907854927015,-2.799080040697425,0.205025,63.73233515762517,-0.34739506985649254,-3.2215075976471486,0.320475,74.32575971203245,-0.8391071236324287,-2.8103021402629897,0.3682,Granite
11825G_P2_02_03.png,32.38910540113632,0.5456025862529841,-1.1164693457309218,0.0666,53.684790850622626,-0.20093584430477057,-2.8300279389048555,0.1889,64.57102396134329,-0.33614461692235315,-2.9760906744988516,0.36285,73.16213661315858,-0.2857227267566166,-2.4339970306730763,0.38165,Granite
12723I_P2_01_03.png,27.959786244327944,0.6195628579311422,-0.2617391231024211,0.0903,50.045153072482584,0.056839367179385245,-2.7017348654378344,0.1993,73.11082200093706,-0.3096909484285824,-1.7462233537014928,0.3399,62.28349942931015,-0.14654755916826961,-3.2147652931619826,0.3705,Granite
12719I_P2_03_03.png,26.401186527274902,2.039750189148671,0.5616233990469108,0.09135,50.74806450432221,0.6970159912589755,-1.4248834159168688,0.1755,65.04264308089569,0.11173276890124281,-2.7143078776738334,0.35745,76.95532874710612,-0.24421671855867438,-1.7331606215545559,0.3757,Granite
10714J_P2_03_02.png,37.84517450023637,-3.2295016375371226,-2.8385132331627423,0.167025,21.35872763043247,-1.790135626840073,-1.176740314237792,0.21575,62.24634503094262,-3.6478456611874988,-4.399799122967595,0.240275,51.772749979866504,-3.8584693345025345,-5.482601761701677,0.37695,Granite
12719I_P2_03_01.png,27.119474224577104,0.899826355804502,-2.0894617279032994,0.07505,50.84604003423456,-0.18245959349532503,-3.550974179162813,0.202725,74.30804016419442,-0.9408967434844102,-3.1776143240642742,0.348875,63.644546651687264,-0.8175810504307947,-4.915214988304994,0.37335,Granite
12723I_P2_01_01.png,32.08778766026317,1.2488948017070765,-0.5862165227573424,0.07235,56.72994923688648,0.3946178428409394,-3.2648465158037077,0.24185,84.02426859345067,0.7698969145681438,-0.7722936721514819,0.291125,70.64723053003964,0.11784592657170873,-2.544734513591535,0.394675,Granite
11825G_P2_02_01.png,33.26565821818838,-0.20955945085213798,-1.8007429903830698,0.070875,55.2074161652327,-0.5375910992665234,-3.2533799411919797,0.227675,67.22423338150405,-0.42073018468923357,-3.045722371563016,0.347125,76.96169050564998,-0.11188728392060052,-2.112482007955435,0.354325,Granite
11830C_P2_02_02.png,35.37481655996792,-0.2731115307575527,-2.1184208451206383,0.111025,50.71952094245054,-0.5045815987123798,-4.132391264846225,0.2387,72.9613760037108,-1.0034624126288596,-2.585860816835325,0.296725,61.95881333299278,-0.6181196190285158,-3.9621740539410366,0.35355,Granite
11823G_P2.jpg,35.166063872155334,0.35962287559237405,-1.008203437782464,0.0972,51.00230481733149,-0.29136789018435183,-3.650702578924318,0.236075,73.26604062651356,-1.0382019487059462,-2.498665691066736,0.2959,62.09236971222563,-0.5447357816721009,-3.727258319909444,0.370825,Granite
11830C_P2_02_03.png,33.92065248983266,0.15507815310492556,-1.3783908994358653,0.12015,50.50051835715137,-0.4335629002333018,-4.853606556777916,0.25445,73.16744831485192,-1.0331767134155199,-3.0449120090850217,0.255075,61.526235373374725,-0.8321546188229675,-4.6793211662176954,0.370325,Granite
10714J_P2_03_03.png,21.44381354816675,-1.3125638702786628,-1.8069580087566068,0.1409,37.109011231481226,-3.0633225279561604,-3.7322564593394123,0.2093,59.25517268178569,-3.8641532698392687,-4.889681649212153,0.268925,49.15492381797171,-3.921672080932991,-5.018858628053624,0.380875,Granite
11830C_P2.jpg,35.12351480666423,0.3731270495283845,-1.0085940528471813,0.0993,51.247180116103046,-0.22450693778154346,-3.4828707337200937,0.2305,73.46604187243291,-1.043075632775221,-2.517010555980678,0.30735,62.35408643169096,-0.5383103450738442,-3.664900913295314,0.36285,Granite
12719I_P2_01_01.png,30.48007764704704,0.2695226471284572,-2.6936417091796607,0.080375,52.61150027202652,-0.2224604027124084,-3.01933338610704,0.21215,76.39640354277296,-0.2132837418128186,-1.7371395236389202,0.345275,65.56870582807834,-0.2723904451869449,-2.87928956282437,0.3622,Granite
12723I_P2_03_01.png,28.55327879455521,0.32680403211779385,-0.8647708508566048,0.0971,49.78099092976426,-0.3505721174427505,-3.348020949948035,0.198575,72.45034133288445,-0.48640024165514073,-2.276474033635249,0.3433,61.71343976710968,-0.4243578583493466,-3.857103081081094,0.361025,Granite
10714J_P2_01_02.png,22.56221358217847,-0.2869674256695798,-0.6487809818549413,0.151425,39.8518248683156,-2.3225152605901482,-3.355205778487037,0.19355,63.02074484861177,-3.77122108172792,-4.099960263118607,0.2674,52.051358548401126,-3.2438196291404626,-5.993278366657145,0.387625,Granite
10714J_P2_01_03.png,23.559659575677156,0.10667030202171857,-0.6754211712771627,0.104975,39.75086036929076,-2.4322802921561597,-3.5071584437536596,0.203575,61.02837824388331,-3.952256825189809,-4.17815294826496,0.25695,51.13803515043248,-3.5005398077501515,-5.920041547382408,0.4345,Granite
12719I_P2_01_02.png,30.79647660901609,0.15574076622453792,-3.204506337914488,0.0723,55.00687543488445,0.049818478809594884,-4.246225388850731,0.241125,77.98741225785542,0.1641335754063571,-1.8885222211274133,0.3207,67.25440113154862,0.05296269580036288,-3.962779994683381,0.365875,Granite
12723I_P2_03_02.png,27.233631104347843,-1.6681055980046167,-2.2066634507150815,0.1118,49.720567541006695,-1.0513439120867019,-4.162959338063336,0.207775,72.99289166300814,-0.3090567912109494,-1.6259829150534515,0.320575,62.165060730192124,-0.5349705138002054,-3.444768379693257,0.35985,Granite
10714J_P2_01_01.png,24.755568420694424,-0.6332983536086392,-1.216323144023454,0.11725,41.455084453236324,-2.7461177195346966,-3.3790905715625463,0.20065,62.16398650721466,-3.8881650459378685,-4.751542049779965,0.273225,52.66554535606824,-3.3156187145756224,-6.379750058277574,0.408875,Granite
12723I_P2_03_03.png,29.220258892948458,-1.1043866922112031,-1.7447500219271102,0.1091,49.01464080463788,-1.208778809260027,-3.683399134708285,0.2192,70.50243313989216,-0.8310177228523716,-1.9399290285868538,0.28055,60.24090701017598,-1.052579129239961,-3.802875155383971,0.39115,Granite
12719I_P2_01_03.png,29.154157602712566,0.4991327298760032,-2.4526103407162654,0.08195,52.922856165074876,0.17724488084795242,-2.309330811816766,0.20395,66.62924672272432,0.0471791842327533,-2.8230244482056897,0.35005,77.60772096214029,-0.2039844508025525,-1.5429283719158782,0.36405,Granite
11825B_P2_02_04.png,36.97886601987452,-0.6603284667221694,-3.197653639858344,0.171475,72.75918311356301,-1.795099498499899,-3.3083183039571438,0.232675,49.09659540892922,-1.6299328876329024,-3.068999766572596,0.2883,60.46943206843764,-1.7026987100694275,-2.9933478829516433,0.30755,Diorite
10714M_P1_Cleaned.jpg,61.25594660232338,-4.216940790616007,-2.9217865006619688,0.131775,28.841382105794835,-1.0434434935314023,-0.9196939121706141,0.25575,48.703444731244296,-3.1067477548483824,-2.061404204600955,0.279475,38.422327758428274,-1.9743424468359734,-1.4249297563738033,0.333,Diorite
11825B_P2_02_02.png,70.28284700456916,-1.6465770917709321,-2.591402610807231,0.193825,36.81904965687096,-0.3882925463690686,-1.9937236925823894,0.21005,48.366268923294754,-1.1481703670928438,-1.9576701462512869,0.28165,58.825064766129366,-1.273828202980306,-2.0213842459395774,0.314475,Diorite
10719Q_P2.JPG,38.871191566442576,-0.9505734288271723,-4.190565759882858,0.144375,81.00418991026368,-2.150508007899953,-1.8008302269966734,0.2228,67.27926599770868,-2.2243961791334392,-2.4758398390828775,0.3131,54.00531420540458,-1.6598394316779381,-3.0662308876120337,0.319725,Diorite
11825A_P2.JPG,34.18828717806002,-0.7097977024028488,-2.8178760208455143,0.103525,53.71430096663915,-1.1518539202571456,-2.522639967400385,0.215375,79.21790554109921,-0.5479056246566287,-1.7796966975458899,0.337675,67.83220092894555,-0.9089672619297152,-2.18231644720469,0.343425,Diorite
11825B_P2_02_03.png,38.871718782516936,-0.6191613495428326,-2.478718628532254,0.170375,72.7052120728442,-1.553964232740587,-2.2959098810822822,0.2519,51.46675304899137,-1.3002845372466194,-2.346403604780729,0.26775,61.937168240097826,-1.251460294306872,-2.3594256225215755,0.309975,Diorite
11825B_P2_02_01.png,68.60239940458456,-1.5745238334045242,-2.30543930238397,0.2011,35.04453120155919,-0.13358554214132712,-0.9602622543407848,0.207625,56.93873510717143,-1.005762025691815,-1.6038384646931028,0.295475,46.046076032054835,-0.9602786042628405,-1.4509886475513238,0.2958,Diorite
11828J_P2.JPG,37.294468304571936,-1.0831510950043228,-1.9863211854417706,0.164375,79.39191374981033,-0.6332714782569079,-1.995553814553992,0.228875,66.25821539295147,-1.0750300738788165,-1.8752228186664857,0.300925,52.91237542211315,-1.4649991284675001,-1.7234059235697443,0.305825,Diorite
10714M_P1_Cleaned_02_02.png,60.46099193913457,-4.644522706269717,-2.477554523609964,0.1066,48.40561466626608,-3.039355545299537,-1.7600768079799107,0.25915,28.583810109733346,-1.2576566954280375,-0.8247637798181234,0.31195,37.92540946703573,-2.0321121716200334,-1.180816241259351,0.3223,Diorite
11825A_P2_01_02.png,37.4275357536156,-0.07859748837590574,-2.091561264940598,0.103175,55.88512449442091,-0.10100939769584397,-1.9843607945611281,0.181825,80.74569467677082,0.15772125257059008,-1.7537596673702955,0.337,69.59009349106755,0.06795051741904884,-1.7379518709602821,0.378,Diorite
11828J_P2_01_01.png,39.574277438575876,-0.19340795312344938,-1.2801394100919632,0.170325,79.09423526102726,-0.4070955687669648,-1.6797311701132385,0.23225,53.72060289016973,-0.8730259716811284,-1.122715738050212,0.2878,66.70937288253963,-0.6142069274487411,-1.4284527643296803,0.309625,Diorite
11828J_P2_03_04.png,37.18196478428352,-2.554280069214367,-3.0458237635438943,0.140925,75.99186895470467,-1.2435572766420016,-2.6613510750493634,0.220175,52.12249963782122,-2.4580826123959407,-2.7082113383658144,0.307375,63.56368424157954,-2.037261159895656,-2.8022125651633227,0.331525,Diorite
10719Q_P2_03_03.png,40.19452135690427,-2.0416743652629337,-4.75371275098569,0.161125,80.79361731323836,-2.0794401817024775,-2.160285966127382,0.212725,54.57270888660013,-2.1945973245324844,-3.4232251825627875,0.30625,67.17014314702658,-2.3773255492929004,-2.8889516672629982,0.3199,Diorite
12719J2_P2_Cleaned_02_01.png,65.54857487544112,-1.2285714648187487,-1.7389304252913993,0.1901,31.469328406925474,-1.111467915964851,-2.803517211668124,0.195275,43.10143212790192,-1.303642667783465,-2.1003480300151542,0.281775,53.37117515927183,-1.0015483011005297,-1.6959843046454088,0.33285,Diorite
10719Q_P2_03_02.png,44.04969388573659,-1.4097918079458722,-4.610621396809133,0.136625,82.03119162555016,-1.7165951173562524,-1.6403840906456426,0.230575,57.84403239525116,-1.6204212720059918,-3.0349358607395085,0.2969,69.7087687455566,-1.9308015043506,-2.644532517162909,0.3359,Diorite
11825A_P2_01_03.png,36.25992728782171,0.031890138979167176,-2.349342839744626,0.10485,55.57300568241044,0.06238824165281549,-1.8901029996131347,0.194625,69.20005949975294,0.1583188121355467,-1.6471076539945617,0.341425,78.57519890710263,0.3161136735944865,-1.290220271380047,0.3591,Diorite
10714M_P1_Cleaned_02_03.png,63.81174129013417,-4.14854691117818,-3.2334735005473974,0.141125,28.140004658327236,-1.200696241839963,-0.7300552453190219,0.27755,50.797643667470545,-3.477617561152076,-2.39480176877727,0.285925,39.51189412460054,-2.3261705584117034,-1.4910052566361236,0.2954,Diorite
11825A_P2_01_01.png,38.57328650696016,0.726523181414451,-1.5657411486704795,0.10315,56.21142677617223,-0.010803852486481434,-1.7411547962506304,0.189075,70.17132688506777,-0.09039323888999432,-1.7340717950643934,0.352975,80.95278890430497,-0.0026901791630086214,-1.3228773791330106,0.3548,Diorite
10714M_P1_Cleaned_02_01.png,59.81873591231313,-3.369142731483006,-2.259782436746744,0.15585,30.09476667022077,-1.010819191767763,-1.0134558132266012,0.25735,48.6940139286702,-2.682711043664156,-1.7629491076238946,0.261,39.052019669531155,-1.8663173262765205,-1.2837149571482915,0.3258,Diorite
11828J_P2_01_02.png,36.31074828156983,-1.4457434681284127,-2.754320138701063,0.1141,76.81980410104065,0.21584961587833457,-1.1556652952157402,0.244,52.43759014701158,-1.0421021974895588,-1.8109960893247252,0.30575,64.19004724234215,-0.18945035926322845,-1.319578971534282,0.33615,Diorite
12719J2_P2_Cleaned_02_02.png,67.7081307632312,-1.9360271553314528,-2.272263878774281,0.16745,31.2578187881838,-0.8180761890478373,-2.963066206034081,0.2062,43.45378609261158,-1.1447414801654234,-2.246209941913422,0.293875,54.34542198394264,-1.3658150429668505,-1.753984104040532,0.332475,Diorite
11825A_P2_03_04.png,32.13811528426651,-1.0179975918479318,-3.0734154903736672,0.1068,52.77602055963651,-1.3345493824382875,-3.0214496733050016,0.1893,68.53130728129975,-2.033310035736494,-3.276598234439265,0.34775,78.76052541410755,-1.7469454877048063,-2.789748772279786,0.35615,Diorite
12719J2_P2_Cleaned_02_03.png,66.40182822309646,-1.7547892654616,-2.2711242646847136,0.163375,29.606504887889024,-0.5267776593425839,-1.7546241285933135,0.187575,42.84192250469053,-0.8151662704995023,-1.4224899456333484,0.3003,53.62847978074965,-1.1079729145412995,-1.3557701228258663,0.34875,Diorite
10719Q_P2_03_01.png,40.492877311771664,-1.4462941826243099,-5.550862935940547,0.128375,82.5146632374393,-1.9699635930273953,-1.8353050144038499,0.2413,56.19925030544967,-2.04657300268503,-3.497444556388075,0.3086,69.27684623964348,-2.0252776487359525,-2.3452623865125837,0.321725,Diorite
10719Q_P2_01_04.png,35.68597785925789,-0.4501959653906309,-3.5839779861105927,0.179325,76.95146032363826,-2.9547769743733463,-2.0205710742684158,0.20515,62.66552075773188,-2.887277097564575,-2.817458277291955,0.293325,50.40340094761457,-1.548663855063347,-3.0909670727302334,0.3222,Diorite
11828J_P2_01_03.png,37.76306489096737,-0.9737599014757601,-3.4487572615471853,0.116025,79.04914991347609,-0.08446745331951466,-1.7414959419997607,0.253425,65.57783604429132,-0.7094054009492753,-1.8613648923536474,0.311125,52.70419726865231,-0.9418342981885156,-1.8966841393732037,0.319425,Diorite
11825A_P2_01_04.png,40.08548846398686,-0.1803450952434027,-2.791188445851383,0.0743,56.477514266123244,-0.7744014888214634,-2.503404791093224,0.23695,76.6455986543452,-0.16644262876741978,-1.6621590733709382,0.307325,67.00405116696227,-0.5630742221418654,-2.0457277261552167,0.381425,Diorite
12719J2_P2_Cleaned.jpg,29.65916071636614,-0.40093993880278,-1.9493145735048976,0.18715,65.82825388629729,-1.7386465626620904,-2.0810471804557538,0.191725,42.0364113004856,-0.8641343650799809,-1.7418106322513296,0.282525,52.97562252323855,-1.1087133502177227,-1.5570401880481521,0.3386,Diorite
10714M_P1_Cleaned_02_04.png,62.54763607617937,-4.530128068677897,-3.0231960179589468,0.128425,28.87472974738723,-1.0631899760327517,-0.8753556775269444,0.25375,49.58671525878064,-3.4421931332964464,-2.051866346677161,0.2865,38.93758756919655,-2.3171747600746224,-1.41672443816396,0.331325,Diorite
11828J_P2_03_02.png,36.18253077547908,-0.47938067376355953,-0.815930239564415,0.16055,53.083368532589425,-1.3597657624010449,-0.9567462071758811,0.2353,68.19452128713567,-1.1169906413453448,-1.724746210763395,0.2802,82.25661322463795,-0.9874233115866133,-2.3635273193138118,0.32395,Diorite
11825A_P2_03_01.png,33.83254890067812,-1.2995290331552427,-2.8674361277745035,0.123525,51.06116957587571,-2.3400679911474733,-2.8064898502097635,0.2313,76.592756708285,-1.4074650195598055,-2.0178581781912532,0.31135,64.35665389222974,-2.0774830407658342,-2.5392461769328056,0.333825,Diorite
10719Q_P2_03_04.png,36.33503199077806,-1.5757406145715753,-4.505164652674806,0.14345,77.3348034896996,-2.651409498077955,-2.5416559527209843,0.2408,64.16895159233596,-3.141646799008329,-3.2252351125862653,0.302875,51.38065786409134,-2.6242813833075243,-3.7166790266263887,0.312875,Diorite
11828J_P2_03_03.png,36.63486851063075,-1.9432194555072553,-2.41319574307682,0.16675,77.44723567095619,-1.0813286830795013,-1.9574865658180118,0.23245,52.01489127497584,-2.1298506373837345,-1.9614945846752858,0.283275,64.67732017223379,-1.5381052652618974,-1.9637294545058062,0.317525,Diorite
10719Q_P2_01_01.png,43.989070623686246,0.137082719402708,-3.5200575863963683,0.175825,81.18248279602703,-2.0935650350371535,-1.1660332075764734,0.213575,68.07777096977567,-1.6962577665236889,-1.586112768650448,0.2852,55.89484057781924,-0.9539500273993464,-2.334862463199747,0.3254,Diorite
11828J_P2_01_04.png,75.40871885739953,-0.6469581532592389,-1.4744998198852592,0.18365,37.728191387867774,-1.083254590043213,-2.724183412249322,0.1839,62.282066639216296,-1.2068976304731405,-1.8603014621361893,0.2956,50.50351260223439,-1.274016698429324,-1.757237955646409,0.33685,Diorite
10719Q_P2_01_03.png,40.116518052587125,0.206844569351742,-3.0795220613151226,0.1541,79.771371593221,-2.8956842465279466,-2.5147580716809617,0.2208,66.573556028336,-2.545881830341499,-2.9385349809970465,0.292325,54.10309662794134,-1.3060211770130818,-2.6991391680927257,0.332775,Diorite
11828J_P2_03_01.png,78.67422382675473,-1.612458195899237,-3.2503521676528058,0.205775,34.76390621427679,0.0056735963352356755,-0.039718094507658064,0.212025,63.83995618533119,-1.8891599747084058,-2.1856251685690085,0.2752,49.86536121454148,-1.0438993361065845,-0.8144741618832682,0.307,Diorite
12719J2_P2_Cleaned_02_04.png,64.99001627214449,-1.9401127026116445,-2.234555714250082,0.18525,29.88189099625347,-0.09889202915894602,-1.2640883661417655,0.223575,42.377125181459704,-0.4290345008418828,-1.4527914412301932,0.2883,52.780140068168066,-1.0998536894390645,-1.5683746796190696,0.302875,Diorite
11825A_P2_03_02.png,35.576742757678446,-1.4962574094397567,-3.8051505963870906,0.08795,55.54534757480636,-2.9213915619107533,-4.798120410050149,0.220725,69.75887521844697,-1.6391039760101094,-2.923802896816189,0.33895,80.04729160347851,-1.0872570704267543,-2.0784680858980886,0.352375,Diorite
11825A_P2_03_03.png,32.667976482324484,-1.5523201543398337,-2.9476613284371562,0.108625,52.97770834508021,-1.4646142711937975,-2.3636852742891823,0.1794,68.11346653432295,-1.1971742956077958,-2.3389751202420164,0.34545,79.4520687737884,-0.6013334664865448,-1.7383381199161982,0.366525,Diorite
10719Q_P2_01_02.png,38.66010791951996,0.06422583889340694,-3.531141091011028,0.131475,80.27988356982362,-1.82994360608582,-1.2794583210423887,0.22145,66.44498980882446,-1.4203460768642715,-1.5798974216659034,0.31065,53.77368970287451,-0.9190712968736657,-2.441076935616072,0.336425,Diorite
11825B_P2.JPG,35.76665398895727,-0.1738914152802189,-2.112263425076753,0.178675,70.80705215691279,-1.1835075359272702,-2.228978989144778,0.21725,47.8681944107679,-0.9697728289756833,-2.142477863680883,0.286475,58.99509713941294,-0.9395466967133728,-1.9580584667471095,0.3176,Diorite
11825B_P2_01_03.png,35.565134328129176,0.8984928152454682,-1.790614290931698,0.16335,71.12823611338646,-0.8008252188462073,-1.9997548388060953,0.224675,48.30352403475128,-0.10642023085064198,-1.6362151151701692,0.275925,59.52133497737929,-0.39422898012128404,-1.5451135130566307,0.33605,Diorite
11825B_P2_01_02.png,34.91447579430023,0.30183547167088076,-1.435059398993259,0.1608,68.9599574932128,-1.2756239717896847,-2.7887008219640044,0.24025,47.06684014368259,-0.3684671138286083,-1.8034751356485905,0.275425,58.00580948095396,-0.6833808176280354,-2.1473023560010684,0.323525,Diorite
11825B_P2_03_04.png,69.18753787288838,-1.242951855842934,-2.073333892584225,0.169475,36.51954686903575,-1.5798213785870963,-3.7374166950591814,0.200875,47.62757913924656,-1.988010169270891,-3.434677191239367,0.313075,57.77105271526027,-1.4991995104654572,-2.6166316994866454,0.316575,Diorite
11825B_P2_01_01.png,38.02345541610937,0.5420081483205852,-0.6182488038672238,0.190425,69.78582402469007,-1.372872119262321,-2.490224933976685,0.191325,48.39337455435964,-0.6085900519855548,-1.2308889933713287,0.298225,58.75036109271781,-0.7908325676467677,-1.5934141565573596,0.320025,Diorite
11825B_P2_03_01.png,34.23454150204624,0.5017674136153744,-1.803567438948457,0.192575,71.00598147087916,-0.6412776234583143,-1.4610952009964773,0.202325,47.64838300233895,-0.39508637228631194,-1.479840392870678,0.292575,59.234697090628174,-0.29620596622288775,-1.1258579594388294,0.312525,Diorite
11825B_P2_01_04.png,34.1057569252166,0.36183090438080623,-1.8377967441418788,0.17255,71.47506786351742,-0.28347378616233343,-1.5129248173749117,0.231175,47.16354199261117,-0.37384902480340987,-1.9104754055279884,0.292575,59.17546728313829,-0.4624944852459769,-1.6805973061189268,0.3037,Diorite
11825B_P2_03_03.png,36.477832549968454,-1.1258150701027554,-3.427651200541779,0.161325,71.24598603950727,-1.1876588005345716,-2.0003661280493916,0.229575,48.20500500751788,-1.6993328069632845,-2.693091420981376,0.28285,59.31730241655557,-1.3076903189571407,-2.0526493968830355,0.32625,Diorite
11825B_P2_03_02.png,33.78501663768543,-0.35037496886599523,-2.4436301405430245,0.17935,70.6746461596442,-0.7139787984792327,-1.8226024051604175,0.236375,46.57956603035378,-0.9841550066093356,-2.409411141981657,0.2729,58.55112021865779,-0.7787136635981782,-1.7642213726846583,0.311375,Diorite
10719Q_P2_02_01.png,42.1443177535166,-0.642303615827461,-4.201954913984193,0.176125,83.31041908296052,-1.0788573152546876,-0.8601727025151755,0.204425,55.85179507620808,-1.0720737339133577,-2.820616656118772,0.305325,69.10489865939715,-1.5611273297003048,-1.8560110235183558,0.314125,Diorite
12719J2_P2_Cleaned_03_03.png,65.64233392770937,-2.4482649157681986,-2.567073463452685,0.1852,28.920515791691106,-0.23953464006937897,-1.176508969646565,0.2468,40.593735547801856,-0.9994528898549085,-1.6383171570855193,0.25375,52.700917932181945,-1.4651441775422052,-1.8045320597347076,0.31425,Diorite
10714M_P1_Cleaned_03_01.png,63.48891255729343,-3.574077571815734,-2.5689554576219105,0.161175,30.329022613825536,-1.2100365007778697,-1.1707159234354347,0.241725,51.31535092528016,-3.0281787482402516,-2.557222244633713,0.2983,40.55827870387855,-1.936316124699609,-1.8337535533000076,0.2988,Diorite
10714M_P1_Cleaned_01_04.png,57.233651822805086,-4.862784187682182,-3.022316153870541,0.116775,29.223106866432524,-0.9121566219628734,-1.1193055559473581,0.238125,46.32779806145629,-3.4818184522367517,-2.150711934337256,0.2893,37.60580864294493,-2.033116115233306,-1.8005390670495365,0.3558,Diorite
11825A_P2_02_04.png,32.75259311496204,-0.6089425117402801,-2.058773263973304,0.097625,53.62464197593105,-1.0155211360542753,-1.9815010852272221,0.22855,67.97698922238864,-0.8545984839366889,-1.798201808581792,0.3266,80.88643701619667,-0.6408015937323059,-1.6895827833435941,0.347225,Diorite
12719J2_P2_Cleaned_03_02.png,30.20807143334562,0.035201666138392596,-2.048492767215024,0.186175,67.21596610064188,-2.039975655868028,-2.333067877087769,0.195925,43.44330903101619,-0.6071109935007797,-1.634085585435035,0.2837,54.28081728488951,-1.2823470345300887,-1.4885681828172603,0.3342,Diorite
10719Q_P2_02_02.png,37.317928281275655,-1.3791038503189434,-4.906972922607561,0.133775,82.8663863948081,-1.3960825298301833,-1.0739553176080692,0.253625,54.37441853688345,-1.8134441335401255,-3.2808366939869638,0.293875,68.38667400892307,-1.650827911538064,-1.8264164328008397,0.318725,Diorite
10714M_P1_Cleaned_03_03.png,57.390191738806585,-3.7970789951465846,-1.9457391002967097,0.12005,46.05311783766787,-2.8172594200008256,-1.747354247108641,0.269075,27.625944172435226,-1.2796253448300128,-0.9718484500184257,0.2748,36.733883476562696,-2.0318350491635564,-1.3252510672592304,0.336075,Diorite
12719J2_P2_Cleaned_01_04.png,62.559132157119784,-1.9071372681113323,-1.7852940336454148,0.15965,28.379950963415876,-0.2697457169391163,-1.8595724656071941,0.2029,40.02913162219181,-0.7098785395532033,-1.491209577878122,0.30185,50.48446263048622,-1.0288824895135904,-1.3703480591830868,0.3356,Diorite
10714M_P1_Cleaned_03_02.png,56.57461970116856,-3.5203140166860916,-1.820670418163596,0.103575,44.98701825944435,-2.657955724334476,-1.3198504716142472,0.23755,27.65622610769381,-1.0560075349534432,-0.6644438176490677,0.303275,35.8664214488868,-1.6985091338517517,-0.9080126763316224,0.3556,Diorite
12719J2_P2_Cleaned_03_01.png,29.958869418970032,0.08185073604485582,-1.2797903566446942,0.193275,67.64726165963785,-1.7584490751658204,-1.9544740469781658,0.19665,42.74443409352286,-0.5263239194315523,-1.324217225413103,0.2706,54.14094544501957,-1.0365502052567641,-1.410970820375768,0.339475,Diorite
11828J_P2_02_04.png,36.5344841405268,-1.7076052553579955,-3.7910691290925147,0.1601,75.92059624890437,-0.9635842214410469,-2.2599738595338716,0.222475,63.49644555375913,-1.5407953359499271,-2.504186568176644,0.3076,51.03932273721201,-1.975142910162598,-2.515380852516711,0.309825,Diorite
10719Q_P2_02_03.png,38.54728158027224,-1.2219913543012924,-4.091864156457253,0.151725,81.32905853005673,-2.633673064684556,-2.1960479739883603,0.2533,54.230315768909534,-1.9529701447121988,-3.021358539463008,0.286675,67.9826958480914,-2.9155215704703705,-2.8134100728386096,0.3083,Diorite
10714M_P1_Cleaned_01_03.png,58.771298380793695,-4.597175250708409,-3.0376966465269497,0.14005,30.060714980440295,-0.9457182885244688,-1.192426293007805,0.24025,47.79097930396938,-3.316535277008615,-2.1313052242096253,0.2835,38.57415675176538,-2.02350169600014,-1.5742671579923815,0.3362,Diorite
11825A_P2_02_03.png,35.288276785753,-1.699693621048747,-3.7941208799879123,0.091825,54.81860792243229,-1.3147812024521084,-2.855246760196727,0.206175,68.6401206605933,-1.171762546348841,-2.2879772692688727,0.34415,79.70761002618845,-0.6118638132102059,-1.870019238493081,0.35785,Diorite
12719J2_P2_Cleaned_01_01.png,31.303859006344858,-1.4278591320246439,-3.1461953367672697,0.175175,66.22998866786119,-1.144700917572676,-1.3166522298987087,0.1837,43.54401511107518,-1.253902650038442,-2.015282531874556,0.282325,53.75045680805825,-0.8772045744564612,-1.2632517774345602,0.3588,Diorite
11825A_P2_02_02.png,32.502769985088506,-0.8269498822159931,-3.7512105545439356,0.1181,51.59975854633536,-0.6077337185725916,-2.378492178859816,0.22925,78.68438204042599,-0.22837261998177782,-1.3590372113958893,0.3189,65.93459463274615,-0.32280352177327265,-1.8397699462286394,0.33375,Diorite
10714M_P1_Cleaned_01_02.png,64.64008747211898,-4.558161071440541,-3.8341708460866357,0.165375,32.42780422097749,-0.8858354282637366,-1.2074195889443247,0.252725,53.172540257217484,-3.313775858900109,-2.60549036066971,0.274575,42.745179325197896,-2.1054809466941102,-1.7596505229680195,0.307325,Diorite
12719J2_P2_Cleaned_03_04.png,27.662241302237312,0.009164217802201557,-1.0086761649884624,0.1868,64.74770574950986,-2.4412074710767806,-3.012793986951258,0.191925,40.6708606467318,-0.7056701591422601,-1.41555054299958,0.2794,51.75224200258685,-1.3912672730139723,-1.7969612421542793,0.341875,Diorite
11828J_P2_02_01.png,36.85214884265807,-0.27439629893324413,-0.7212289340086446,0.152775,53.45265058401296,-1.0560504919762281,-1.1903858403024778,0.21555,68.95688136878287,-1.0157646955454958,-2.3503903155348214,0.301125,80.9254966560438,-0.6583142317893984,-2.6291092890175407,0.33055,Diorite
10719Q_P2_02_04.png,37.67845408208112,-1.5077946478762172,-4.216802808353993,0.14865,78.98573636372882,-2.834293581030011,-2.564640559824684,0.237325,65.42784880843578,-2.883145112822598,-3.0409064044265244,0.2951,52.407976899928656,-2.011209469273498,-3.219347462835463,0.318925,Diorite
11828J_P2_02_03.png,37.13905186435153,-1.4896199545339455,-2.7044213317490766,0.15305,78.41825260438252,-0.6366667367460973,-1.377401715195817,0.237975,52.71400398277078,-1.476515702476587,-1.9042948174321868,0.288,65.58458147551237,-1.0160049129407744,-1.6459654377262076,0.320975,Diorite
12719J2_P2_Cleaned_01_03.png,31.51785562449107,-0.1643215514212134,-2.3682318976058556,0.158825,65.40292616013933,-1.4664195795770938,-1.7490869120694745,0.1993,43.680666996029615,-0.569755467840696,-1.7563687241475878,0.2912,53.61832462577523,-0.9125143349579772,-1.503030849747769,0.350675,Diorite
12719J2_P2_Cleaned_01_02.png,31.18680904571596,-1.0579406577891526,-2.7052693545514166,0.2025,67.06438585431775,-1.2823674588260001,-1.9429705541183178,0.21005,43.867961349074555,-1.0475068808028531,-1.8351033059139075,0.285175,54.39448388326569,-0.9217896985471213,-1.5372670038502085,0.302275,Diorite
10714M_P1_Cleaned_03_04.png,55.712772547798664,-4.101154011536802,-1.9791157000216182,0.12815,26.4808168342335,-0.8201864480016776,-0.6583043704098365,0.259625,44.72384475618581,-2.93681501145113,-1.529928657263338,0.2735,35.52608200707955,-1.714750311692956,-1.0637889312381192,0.338725,Diorite
10714M_P1_Cleaned_01_01.png,65.719238392536,-4.8360196494224486,-3.656931133910356,0.1157,32.34359400433344,-0.8163493581049042,-1.3037620901930609,0.271025,52.30482447534999,-3.3163790665197403,-2.7658940671290244,0.273125,42.13807289453316,-2.0752887269770564,-1.973501959765104,0.34015,Diorite
11825A_P2_02_01.png,32.7398213443675,-0.31898118005069276,-2.4496109818725493,0.164375,77.3940744155139,-0.9492093283034372,-1.5860637848110126,0.248,52.04741293905596,-1.122265746862129,-2.078994525690167,0.25915,65.07470093926509,-1.4536160718042455,-1.9878892671737876,0.328475,Diorite
11828J_P2_02_02.png,38.7299503629894,-1.3960660362291422,-1.6009502217517608,0.149125,80.84497270797418,-0.2356000970970642,-1.2645372458363546,0.269925,54.0948007216659,-1.3914012386524504,-0.9921570933998111,0.28515,67.97688473011979,-0.534979396117933,-1.0468069601023864,0.2958,Diorite
12719J_P2_03_03.png,74.10975487272091,-2.737332260747066,-1.2186563880967531,0.15735,55.14481465110609,-2.7958124817147065,-2.0535225532648074,0.248375,25.91222885101375,-1.7031088449753793,-2.4961000195046075,0.2502,39.660294718106655,-2.5530897926616802,-2.9011901852128936,0.344075,Gabbro
10719CC_P2_02_01.png,74.37544794744372,-0.9888364473567304,-1.134361863723723,0.15095,33.86408145682877,-1.2910886123086338,-2.5061425291340855,0.245125,60.702583536017194,-0.46296582679906806,-0.8322913695565887,0.283225,47.2446037577407,-0.8095400566277868,-1.4622333128700837,0.3207,Gabbro
12719J_P2_03_02.png,82.40664818513699,-3.4780521838093312,-1.0774149163488547,0.22585,63.3726759821822,-2.9493941208358287,-1.2623281579686354,0.235175,28.43466291746172,0.6391737661178314,-0.0940825721496209,0.25275,45.028752855604175,-1.120237069328632,-0.7860099665922031,0.286225,Gabbro
10719CC_P2_02_03.png,69.99433767274228,-1.9637607401533659,-1.975067897006138,0.21155,55.78504696032711,-1.2488181163090646,-1.0621305204109348,0.239825,31.397313662653335,-1.0428939691862886,-1.4393611217284044,0.24045,43.24167408621196,-1.2210132399074332,-1.0768602749626641,0.308175,Gabbro
12719J_P2_01_04.png,69.66251050408256,-1.155464189215882,0.8220098146808275,0.1126,50.59083285893067,-1.6181326247960313,-0.3484884056210887,0.22395,22.838430273172797,-0.8004326722837849,-1.0401090530850976,0.282575,35.958042681079974,-1.4014670105470044,-1.1607190595626105,0.380875,Gabbro
10719CC_P2_02_02.png,74.87293006879332,-1.401015622406688,-1.596775798687698,0.16695,61.32651010707129,-1.0363309596748305,-1.393441283979822,0.254475,33.80615523095439,-1.4657727810168917,-2.3392887284990076,0.2757,46.94839554864797,-1.436971185024373,-1.8090363202698816,0.302875,Gabbro
12719J_P2_03_01.png,63.839219163165694,-3.0089705325587914,-1.0050645785795793,0.217875,29.489353696100796,1.348781754740406,0.3085803589982072,0.2314,45.690924286292706,-0.5543773201788601,-0.5615648957164199,0.26175,82.44149118154166,-3.0752108847325665,-0.6794928387136492,0.288975,Gabbro
12717B_P2.jpg,74.22445488640457,-1.1584148545551856,-1.3286458128721605,0.11795,44.65866453057388,-0.3990156307918317,-2.3893780998608687,0.263725,62.74917250168706,-0.5768937870167923,-1.2053031100117786,0.2687,53.521288083363125,-0.22605518044661393,-1.626054088588336,0.349625,Gabbro
12719J_P2_01_01.png,62.09815620706456,-1.3186862085529776,0.4680846995022674,0.189275,25.177792984639524,1.7200779370482477,0.4757579024364032,0.239725,41.527571197048076,1.772134227528635,0.7845880825216118,0.25965,81.67226590932925,-1.2400914408727424,0.16802940456030374,0.31135,Gabbro
12719J_P2_03_04.png,74.66034685248626,-0.8792487595863521,0.4344721112476546,0.158375,30.932414686986704,-2.694722918906873,-2.9888541264819968,0.24925,58.64391495146857,-1.8131036540739052,-0.8479119109013038,0.260475,44.4091048273052,-2.9150565025956796,-2.437809319539932,0.3319,Gabbro
12719J_P2_01_03.png,69.75418070259781,-2.3750161912846686,1.1507011852752804,0.1242,50.447434396609495,-0.9380500138793605,0.18130287823045915,0.230975,21.979040285348447,0.21630044458889908,-0.12079267370492795,0.2712,35.4339353294001,-0.12477599815624635,-0.36996023138211587,0.373625,Gabbro
12719J_P2_01_02.png,78.58011378838715,-2.826228125724791,0.3004776811851277,0.188075,58.35717774634132,-1.5561649215503264,0.08405245441240415,0.2049,23.5677107133146,0.9503477723178337,-0.0571436211831661,0.2776,38.918633678329,0.3128535086209628,-0.3791322346492153,0.329425,Gabbro
10719CC_P2_02_04.png,67.9884226946987,-2.484188178966324,-2.698687149941171,0.170425,29.213135099515505,-1.4310470871894903,-1.371711246203703,0.2466,53.22979113876536,-2.2525455540146444,-1.8770531694452104,0.266175,40.93952747648675,-1.9552700012505586,-1.4267743364438605,0.3168,Gabbro
10715B_P1_Cleaned_03_01.png,60.25842810492757,-4.909733366001776,-2.6048881621928732,0.1835,30.241894961778677,-2.846980783245969,-2.7511816368720576,0.23005,39.98020718076499,-4.279433263176447,-2.6725845050999486,0.289875,50.0929114601701,-4.948743489453484,-2.850721773619588,0.296575,Gabbro
12717C_P2_02_01.png,74.50632467137626,-2.061996883451528,-1.9010633233713339,0.19385,35.58426521872026,1.1142018729609158,-2.011697177243124,0.224825,61.526554663508875,-0.9938007207965338,-1.8226894653920265,0.275675,48.52861700245504,-0.07681308442105284,-1.6922290486819354,0.30565,Gabbro
10715B_P1_Cleaned_01_04.png,60.51212724138154,-4.7540980434191304,-2.5785529969370664,0.1133,48.03458828310105,-4.0473139062621835,-2.003067764209725,0.243425,28.901932352246618,-2.357129129080743,-2.016089641768653,0.293375,37.610954815455614,-3.2582327386654653,-1.8289870128927397,0.3499,Gabbro
10715B_P1_Cleaned_03_02.png,61.46099205451958,-4.787535382006949,-3.569019140230398,0.154775,50.23777511399392,-4.349466198167079,-3.510691340331878,0.26285,28.822839175689175,-2.8604842024229096,-3.1460096665047472,0.26755,38.83154135739338,-3.7977660836600085,-3.7780082003706683,0.314825,Gabbro
12717C_P2_02_02.png,73.99358898980611,-1.7469096252533074,-2.105137179018765,0.19135,35.30877022946879,0.6687170152795268,-2.392729930775862,0.199925,49.199624918570514,-0.09101654075462084,-2.037788855973491,0.29705,61.96201052550378,-1.015528708491188,-2.086384942548435,0.311675,Gabbro
12717B_P2_02_04.png,67.48965921473945,-1.4281279071789599,-1.7871512758783128,0.1308,41.51479123882831,-0.7969297461953522,-2.960518212424657,0.247,56.76401690938087,-1.182721607345983,-2.2142737345559804,0.257025,48.75816317528521,-0.9683297698826304,-2.703580652063897,0.365175,Gabbro
12717C_P2_02_03.png,71.21692722879995,-1.5922779928237865,-1.9611890858603105,0.203125,33.67827524529018,-0.150349813643744,-3.262404480440913,0.205275,58.919133476152005,-1.054308545893694,-2.365454964934218,0.27875,46.418435244318104,-0.6942813864544,-2.5560575750322765,0.31285,Gabbro
10715B_P1_Cleaned_03_03.png,67.19065629170288,-4.119599183344914,-3.7503598052008744,0.130925,52.57637719001579,-4.2945647582899555,-3.318312974009333,0.243325,39.68443828064852,-3.7681264690784215,-2.8787366211279886,0.2959,28.520478146198833,-3.169490680323795,-2.4224927730182095,0.32985,Gabbro
10715B_P1_Cleaned_01_02.png,63.1489490100071,-4.570566626466235,-2.908607878011349,0.151425,30.23763266059571,-2.812069849639113,-2.874577908996233,0.264375,51.77421139568734,-4.3958425755555135,-2.9177679629640734,0.275575,40.78916774084486,-4.182202113532564,-3.1311757942802343,0.308625,Gabbro
10715B_P1_Cleaned.jpg,62.58358533583031,-4.783408668427673,-3.06016038000384,0.14515,29.356367533296158,-2.8962923760262997,-2.4787140413314455,0.266,50.8675261600566,-4.372629473270063,-2.866285789078886,0.279325,39.96127571581712,-3.8049021284423246,-2.744132828629165,0.309525,Gabbro
12717B_P2_02_01.png,77.30624340066083,-1.5114594413246385,-1.026726302532602,0.149025,48.861531390474994,0.8561884599719224,-0.7997712250890482,0.249275,66.22420548367101,-0.3367572480185512,-0.6780522082192246,0.286925,57.34794754030929,0.3076889532165263,-0.5465457049767384,0.314775,Gabbro
10715B_P1_Cleaned_01_03.png,61.62659850945539,-4.89525153112215,-3.444817885136116,0.1556,30.291486169916382,-2.883215416562846,-2.4203658501781518,0.253975,50.757539722446,-4.344076916687714,-2.9958781231550407,0.270575,40.532800050012796,-3.975834889420953,-2.8699780282330787,0.31985,Gabbro
12717C_P2_02_04.png,68.22646549177269,-1.483802392552768,-1.6918241941707477,0.199875,32.63423177566686,-0.4129873225666191,-3.6279176800612944,0.2267,55.221149623248394,-1.1943459904989433,-2.0150057049059313,0.261125,44.08161626537823,-0.8913925820646028,-2.599042347069207,0.3123,Gabbro
10715B_P1_Cleaned_03_04.png,62.593623800137344,-4.1971872677770605,-3.076623516582774,0.1466,50.16469444815707,-4.0010834814815475,-2.511571679383999,0.24555,37.97375805780983,-3.54880737768363,-2.262203518973781,0.292975,26.46778334673238,-2.6032185324662,-2.2520008970460257,0.314875,Gabbro
10715B_P1_Cleaned_01_01.png,64.42764316714702,-5.025295838240411,-2.648906078953692,0.167225,36.679148598057616,-2.9198222689683053,-3.2682838504690244,0.20155,46.053916883783096,-3.717198559245513,-3.0547558233806855,0.3086,54.470073058852535,-4.2139871885690345,-2.825711796895669,0.322625,Gabbro
12717B_P2_02_03.png,70.18654749285744,-1.4261979008079855,-1.8978200047654918,0.124375,40.82460099386943,-1.0085800891231869,-2.7807836539855746,0.227875,58.909206457107686,-1.0848201340117787,-1.7095548883750755,0.287975,49.713504478026,-0.8221328345787707,-2.12592986501107,0.359775,Gabbro
12717B_P2_02_02.png,75.31549135483675,-1.150479147662948,-1.3937674294953395,0.13595,44.96785850129442,-0.2786272250368937,-2.158710812746567,0.2326,63.69335165126965,-0.5057013560265095,-1.1780084039805765,0.282625,54.05085617315035,0.07589914915749874,-1.402219391315951,0.348825,Gabbro
12719J_P2_02_01.png,26.44831853686378,2.414806351351854,0.9635247405445793,0.204375,63.95529669438347,-1.0544029754056432,-0.08729343492397365,0.219025,43.59635429521673,1.733510953281548,0.7722904971318463,0.24595,81.86000504392857,-2.267200416921567,-0.6890565799145825,0.33065,Gabbro
10719CC_P2_03_02.png,69.93249663566294,-1.3335000829506904,-1.5894088485453095,0.2191,31.360477503754268,-1.8303467157896691,-2.499972067247864,0.223375,56.4688338510654,-1.2252350045593667,-1.5426938919576578,0.256425,44.17715762236878,-1.5978392188604835,-2.0023014180741674,0.3011,Gabbro
10719CC_P2_03_03.png,30.778530160748968,-0.881878487226726,-1.6882671053312461,0.221875,69.61389945530354,-1.6759477016309072,-1.5902242771797264,0.22575,55.51326490405294,-1.1894864400238359,-1.3771462390730491,0.25745,42.9179430855003,-0.9154584653253474,-1.222351751252932,0.294925,Gabbro
10719CC_P2_01_04.png,72.92814355793548,-1.649525445725251,-2.1403223627798145,0.186475,29.630467236456713,-0.7749711093729502,-1.1162374194832902,0.19425,59.71982072708582,-1.2525619334921387,-0.9011146252381868,0.3057,45.604185849555655,-0.8652634174604172,-0.5826313258467501,0.313575,Gabbro
12719J_P2_02_02.png,78.73643993382869,-2.7344736423547458,-0.18633707080744524,0.193625,57.29013051097021,-1.526225819679255,-0.19949256173013297,0.2267,21.438141007748765,0.5833434384514475,0.005540323819788667,0.24535,38.123795538276745,0.24431190456747054,-0.16425552900312984,0.334325,Gabbro
10719CC_P2_03_01.png,72.56136194654684,-1.0494992604680042,-1.7681065307186865,0.1399,59.18390479733891,-1.1060940892145572,-1.7162257425129737,0.2304,33.33289619894366,-1.8732936905278206,-2.6890612244479986,0.3136,45.633001067629436,-1.4699959296186187,-2.23829745131376,0.3161,Gabbro
12719J_P2_02_03.png,78.83136419061113,-1.5912213737315433,-0.9556558311958732,0.20695,59.132960171540056,-1.853812610775786,-0.9060091828196388,0.222025,26.041198997720297,-0.5468640979301457,-1.1644187440982812,0.26695,40.86946626399102,-1.4311006739720409,-1.408749276163161,0.304075,Gabbro
10719CC_P2_01_01.png,75.66977669865065,-0.2535850682753287,-0.6541142631247471,0.16885,35.02072730783521,-1.0621233083432104,-2.2766430259012025,0.24115,61.51737503393325,-0.3532502840123124,-0.6566832989057992,0.268525,48.06083416427297,-0.5409042869571011,-1.3068407882482482,0.321475,Gabbro
10719CC_P2_03_04.png,65.29024652028725,-3.2753316521964,-3.1105447031361257,0.147675,27.5364172435442,-1.601095434628415,-2.320764216169908,0.245325,50.194149367068285,-2.848321127430624,-2.8931555809732425,0.262,38.379400020705,-2.165445898154709,-2.6014032639514117,0.345,Gabbro
10719CC_P2_01_02.png,35.89910149696863,-0.7051778979469406,-2.084184265122974,0.171325,51.296012035958356,-0.08438946641100495,-0.9917519785774611,0.249875,78.7172187225574,-0.5208828494098255,-1.2187657026542684,0.272625,65.19551750001455,0.12034655456514323,-0.6906030993071737,0.306175,Gabbro
12719J_P2_02_04.png,72.88995119002087,-1.2278866727182125,0.2806453472957475,0.140125,55.11081369326675,-2.123205238874106,-0.6882846825985391,0.236025,27.126600331083093,-2.02985617532132,-2.0151392934591916,0.26255,40.27734912249809,-2.3984338999595796,-1.74773362369478,0.3613,Gabbro
12717C_P2.jpg,72.9510275105701,-1.6814824291782489,-2.020448468502518,0.1768,34.50539891296711,0.26060458885556215,-3.0394452714599525,0.222625,60.72461737501885,-1.1051913152360415,-2.1486796500175824,0.289625,47.90478506391429,-0.5085484674266331,-2.3643794550217327,0.31095,Gabbro
10719CC_P2_01_03.png,73.87696607428423,-1.4455298387209874,-1.6772911263724337,0.19045,34.098569182292934,-0.302442251552851,-0.7372486633679188,0.232875,60.356828037825494,-0.8910106792218373,-0.7969197877224389,0.258425,47.44861321532443,-0.3744178566940392,-0.4860226091761279,0.31825,Gabbro
12717B_P2_03_04.png,72.24037615609373,-1.5875992689132254,-1.6087229018688376,0.08135,60.921557340016165,-1.0951489780934114,-1.7339124945108926,0.2119,52.067260275523104,-0.9241302331103929,-2.395667968472765,0.3481,44.81795106938321,-0.6173902488153074,-2.888582388950138,0.35865,Gabbro
12719J_P2.jpg,79.44581611672268,-2.3159058862419,-0.3426929304150821,0.1943,58.94918893488857,-1.8121153181032263,-0.517563131037724,0.227675,25.47562745714251,0.010226918494725235,-0.6514978174827867,0.254775,40.77839419011837,-0.9637058553302182,-0.9561179990711409,0.32325,Gabbro
12717B_P2_01_01.png,76.32519912220103,-0.6978755974566109,-0.6410518500300825,0.113475,49.14971837023312,1.224405968812921,-1.135216823011291,0.259275,65.07380117143119,-0.11454406753376484,-0.4004347071985932,0.274525,56.832791136252986,0.6569256437251407,-0.6853977676360181,0.352725,Gabbro
12717C_P2_03_03.png,31.39621866950283,0.44291294830716565,-2.372068507954893,0.184725,70.54634786190788,-1.9094183169908303,-2.1528386116062332,0.2211,57.328650571201564,-1.442849088341315,-2.3443589100205044,0.284975,44.844446313671014,-0.4941156490236596,-2.118353800969143,0.3092,Gabbro
10715B_P1_Cleaned_02_03.png,58.94228952852171,-4.760299147785053,-2.678929160262351,0.134875,29.075020041390246,-3.2312110980811797,-2.195195981989027,0.26695,48.11511486488446,-4.803246699111149,-2.73629240370557,0.267475,38.30904509698169,-4.036699923437612,-2.3652404132148437,0.3307,Gabbro
10715B_P1_Cleaned_02_02.png,64.75014008769931,-5.922512754323569,-3.579261073984851,0.1475,28.551253197794907,-2.933951148207094,-2.640958756535684,0.246625,51.9170474096726,-4.676425302321034,-2.8816215480390057,0.2858,39.97131838882781,-3.8698060153840004,-2.6864608883025594,0.320075,Gabbro
12717C_P2_03_02.png,35.938658839098764,0.9038812729092676,-2.2424243377441635,0.196325,73.8796010874074,-2.25054602212552,-3.2245076735797027,0.209125,49.704186972989625,-0.3119863732208906,-2.4439806491108995,0.287375,62.392007834321824,-1.5149122096942391,-2.878185933036552,0.307175,Gabbro
12717B_P2_01_02.png,76.61932580887324,-0.0020821795291540157,-0.49715363611607677,0.136125,49.025492313189176,1.1567836931252908,-1.1462461373014325,0.24315,65.61907006411563,0.4888602531734758,-0.4903510494118633,0.277925,57.009157201192636,0.7964126934403565,-0.7067003213378835,0.3428,Gabbro
10715B_P1_Cleaned_02_01.png,63.216300940686196,-5.21989963554908,-2.9973858722024884,0.1431,32.54404448105639,-2.7527070632195936,-3.322035216160462,0.23775,52.261352874970584,-4.240778425125091,-3.068969317393051,0.30955,42.57987014308997,-3.6205054088179613,-3.205340514867395,0.3096,Gabbro
12717C_P2_03_01.png,33.855494815922725,1.3373989410661478,-2.0219517841648416,0.184025,73.99868279934692,-2.4189493834453253,-3.3044287011712012,0.220975,48.273432350078295,-0.2790425288987799,-2.1582804117749155,0.282125,61.32529649076231,-1.4277999803337347,-2.518705357495111,0.312875,Gabbro
12717B_P2_01_03.png,72.93044250254074,-0.47981144190272407,-0.8713302249010567,0.0986,45.425857723733564,0.6460672334328881,-1.472348697335038,0.265375,62.33548880252255,0.00035019177031730964,-0.8305180895183935,0.269525,53.77704957766059,0.5615292569447794,-1.0135236915683699,0.3665,Gabbro
12717C_P2_01_04.png,67.56021669212625,-1.5316342021710219,-2.2328014824960905,0.20155,33.25792770441154,-0.8624008647492925,-4.529310144606514,0.213525,55.56934701163668,-1.539482645591303,-3.01121470197877,0.274775,44.79693873530914,-1.4061169039107846,-3.7490702942254117,0.31015,Gabbro
12717B_P2_03_02.png,72.55504281242982,-1.4926738926880767,-1.7150510109331654,0.122,43.947305389499554,-0.844927097187352,-2.568830865824073,0.2643,61.57269674533389,-1.0283054559514975,-1.5967304967416327,0.277825,52.43589692283274,-0.8884206031540711,-2.0462985838151257,0.335875,Gabbro
12717C_P2_03_04.png,69.66242500618095,-2.0639818246429087,-2.3077856407644255,0.20685,33.209565686953844,0.42715057212803,-3.21798690857458,0.212,57.26357279500916,-1.461087642657458,-2.42675120785211,0.273925,45.55020303786509,-0.6781731172777447,-2.4458702044378837,0.307225,Gabbro
10715B_P1_Cleaned_02_04.png,60.295179633310795,-4.36095202722173,-2.4650301401598713,0.118025,48.73808789812774,-4.330731098520226,-2.367131350397236,0.252075,28.643465777581433,-3.2881343554324847,-1.9272441586477382,0.29825,37.966003174768005,-3.63303474898351,-2.04140913696836,0.33165,Gabbro
12717B_P2_03_03.png,74.82344124314088,-0.996799889086308,-1.287754456252152,0.120075,47.900507845304745,-0.214136451422835,-1.9861394229010991,0.264475,64.11080742191689,-0.6804335587050334,-1.0315667543866531,0.28,55.82288720955145,-0.5147220959803952,-1.4863303995754522,0.33545,Gabbro
12717C_P2_01_01.png,35.75558811909034,0.2841856741095161,-3.646906341562323,0.18435,73.37595291693917,-1.5331833594121198,-1.2750673233698215,0.20365,49.30386507201076,-0.23733182694670824,-2.4365719595468476,0.294125,61.817157061258484,-0.9852048564695357,-1.9264483488117614,0.317875,Gabbro
12717C_P2_01_03.png,71.32609418426061,-0.7191966984314204,-1.105727084228806,0.189825,34.14644654193674,0.3188055184325719,-3.242299391268853,0.2139,58.90146327106344,-0.42145001392216197,-1.5602498079420226,0.283675,46.75949030894626,0.025115503859775734,-2.140829111680506,0.3126,Gabbro
12717B_P2_03_01.png,74.67194804570046,-3.4334330276413128,-3.1259789650636023,0.129075,62.84313183128832,-1.959704729301476,-2.436365489127076,0.266725,44.76145595885077,-0.7606233750899735,-2.3157208963093803,0.2712,53.48067448539543,-1.1601293152348915,-2.3526507685777034,0.333,Gabbro
12717B_P2_01_04.png,70.4396479732705,-1.431830671671924,-2.004468697109209,0.097725,59.55687098156613,-1.002607833515612,-2.077441067325959,0.239475,42.89107223590625,-0.3620259918980984,-2.744242708395582,0.3152,50.85321207167706,-0.6872701179744924,-2.4033708358584565,0.3476,Gabbro
10719CC_P2.jpg,73.62284922437489,-1.2327595096809716,-1.5496134106225175,0.1708,32.18529049688043,-1.335016049703247,-1.9673985436660095,0.254575,59.344701939709026,-1.0986798903616355,-1.3271763500097866,0.268075,45.53236749496783,-1.2304289338866687,-1.5132430315672427,0.30655,Gabbro
12717C_P2_01_02.png,72.84295461031923,-0.557046098237504,-0.8304650527976636,0.18985,34.41056653751669,0.5768969373508461,-3.3721691418735698,0.208475,60.695769751734744,-0.16440314123027597,-1.4126230478829325,0.29335,47.84849331209268,0.0554789209597395,-2.244228464810415,0.308325,Gabbro
